age,income,days_active,num_transactions,avg_transaction,account_balance,region,signup_channel,churn
56.0,101171.3338964174,241.0,16.0,58.11668947327032,26502.2737644959,South,Mobile,0
69.0,,313.0,25.0,118.38055362178272,16968.55346265353,North,,0
,94605.95616023606,231.0,19.0,26.35227561877133,,,Web,0
32.0,48749.681148905576,276.0,23.0,46.12933486386267,114740.53161569384,West,Store,0
60.0,,283.0,23.0,0.1887721127805834,77826.15159884097,North,Web,1
25.0,63295.802191297465,202.0,17.0,8.01134324421848,28943.932656271063,North,Store,0
78.0,70273.70754022543,246.0,24.0,756.9355945842468,100572.57604773353,North,,0
38.0,,289.0,22.0,55.50772370288581,61439.58211131615,East,Store,0
56.0,69586.12736606144,,17.0,,22096.380221922853,South,Web,0
75.0,65798.34185548157,213.0,23.0,365.39407060259396,-4285.146021273202,South,Referral,0
36.0,107884.28831704901,199.0,23.0,,13526.612986984943,South,,0
40.0,,78.0,22.0,33.245040221713374,,East,Mobile,0
28.0,40671.744594961565,342.0,25.0,260.4762765559322,36848.06714381134,South,Web,0
28.0,100679.11155924576,343.0,13.0,183.3838909455822,-5000.0,East,Mobile,0
41.0,37811.436917119434,172.0,12.0,262.79517849262686,147413.5998626307,South,Web,0
70.0,40522.581649988715,68.0,,293.71498733338643,21547.52566494034,North,Mobile,0
53.0,34544.3790183626,86.0,18.0,741.0860750956957,-5000.0,West,Mobile,0
,,100.0,20.0,170.4582587156467,16009.587669750585,West,Web,1
41.0,69995.19884519474,7.0,,,-5000.0,East,Web,0
20.0,52262.9350636937,332.0,24.0,209.08894779211514,,South,Mobile,0
39.0,5000.0,199.0,10.0,14.179088025243026,43275.78914715883,West,Mobile,0
70.0,51952.10814151462,86.0,19.0,455.3782418741062,96627.17048866142,,Mobile,0
19.0,44462.63232583097,42.0,16.0,25.426044514091533,-5000.0,,Store,0
41.0,86784.76092896565,,,79.45261872182058,22720.647698251745,North,Store,0
61.0,43102.24165618911,151.0,17.0,338.28733539966345,-5000.0,East,Referral,0
47.0,,16.0,16.0,181.91882998802512,76119.58255397716,East,Store,0
55.0,101903.80736310728,132.0,18.0,100.05480440500165,61509.69443520976,South,Store,0
19.0,48302.68826970666,147.0,20.0,128.2763500917089,59664.401682205666,North,Web,0
77.0,94488.69236499247,276.0,21.0,385.5809943812893,20129.52250855529,South,Referral,0
38.0,75756.35138072843,231.0,12.0,83.10441790580774,53181.831263103275,South,Referral,0
,67003.97389440729,313.0,16.0,407.50594411876443,148347.12866468768,North,Store,0
,84079.56766822288,227.0,21.0,18.452540431865653,-2807.540563361119,South,Web,0
75.0,61622.12622781459,138.0,17.0,299.93600934920937,31091.614696806762,West,Web,0
39.0,67210.53468232433,210.0,17.0,,-5000.0,East,Referral,0
78.0,84700.57548836895,27.0,22.0,40.13400978604373,-5000.0,South,Web,0
,121573.5822523647,,23.0,112.54541091223675,27825.063447464592,North,Mobile,0
42.0,67535.84916659023,260.0,10.0,36.18445317094126,108314.68373615257,East,Store,0
66.0,46386.10005083532,260.0,23.0,245.24649725810823,-502.4659401257959,East,Mobile,0
44.0,5000.0,349.0,25.0,153.29320830147915,,South,Referral,0
76.0,,351.0,16.0,201.74883988342467,-5000.0,West,Referral,0
59.0,52102.74862284121,7.0,,43.75237471907455,-5000.0,South,,1
45.0,76044.27870243801,319.0,,47.586946206738915,43597.71645670572,West,,0
77.0,117177.21710780982,137.0,25.0,8.47658524266528,-5000.0,East,Referral,0
33.0,,37.0,19.0,77.74152108726405,,South,Referral,0
32.0,54159.89214367561,110.0,13.0,164.08008104736268,-5000.0,North,Mobile,0
79.0,102590.18932631233,219.0,20.0,,,South,Mobile,0
79.0,73822.11202691757,,22.0,219.87898744673112,-5000.0,West,Web,0
64.0,77583.16814170202,,23.0,114.32625026334031,73507.21044369746,West,Mobile,0
79.0,14305.17388584718,135.0,30.0,612.0333147728695,73755.5686251598,South,Web,0
68.0,96177.45621727756,255.0,17.0,254.05471809986167,,West,Web,0
61.0,,359.0,,532.3245734224552,-5000.0,East,Store,0
,18852.318608306283,328.0,10.0,,39963.85516784616,South,Web,0
69.0,74552.82334839825,48.0,31.0,59.92509564292686,-5000.0,West,Mobile,0
74.0,5000.0,291.0,19.0,10.854637839706188,-221.06040769482934,South,Referral,1
20.0,130259.25607538986,323.0,16.0,258.9873795004468,,South,Referral,0
54.0,26944.35600054718,77.0,18.0,25.863029670177056,83736.15416565936,North,Mobile,1
68.0,108353.78297155307,,24.0,72.12945844751538,21214.63540323465,South,Referral,0
24.0,35611.3335564404,,16.0,152.05874061283876,-5000.0,,Web,1
38.0,76806.77132912159,216.0,20.0,166.21379379017117,71647.01697393548,West,Referral,0
26.0,32636.15230171504,118.0,16.0,183.54995764944994,21550.49901584202,North,Mobile,1
56.0,89913.4566569346,189.0,21.0,36.36561499915391,-5000.0,North,Referral,0
35.0,52940.43774278244,,14.0,95.52247000015245,82610.38610532145,,Web,0
21.0,74033.38638623129,265.0,23.0,192.04550776807392,18061.373290424628,East,Web,0
42.0,60451.93144736984,148.0,22.0,700.1076413056926,116196.09983864578,North,Mobile,0
77.0,19030.05640549033,163.0,23.0,260.11960399530597,-5000.0,South,,1
31.0,,139.0,26.0,511.76340816604517,-5000.0,,Mobile,0
67.0,44902.87543002756,346.0,18.0,287.2752007616703,42326.70866761482,South,Store,0
,91359.38379022831,257.0,13.0,179.15892827681375,43325.09413455782,North,Store,0
26.0,52924.20575547969,268.0,17.0,42.64442861554855,-5000.0,,Web,0
43.0,57697.08272915004,180.0,18.0,219.733849193537,,West,Store,0
70.0,110487.79393118809,159.0,,195.30348099273843,240417.41949759214,North,Store,0
19.0,131449.1038352385,350.0,20.0,184.49655785943824,,North,Referral,0
37.0,83581.01867136249,287.0,20.0,134.5849549386791,78476.71811009728,East,Store,0
45.0,51385.79707729844,287.0,32.0,150.4336744070725,,North,Referral,0
64.0,48760.16014931568,225.0,22.0,81.42605688443645,-5000.0,,Mobile,0
77.0,,,14.0,146.50766178581304,6379.3402563275595,North,Referral,1
24.0,41242.8544933933,9.0,14.0,44.01861816030011,-1248.3648228884158,North,Referral,1
61.0,51791.70769488095,270.0,24.0,,-5000.0,West,Mobile,0
78.0,118927.589009847,272.0,18.0,41.10418781744449,10828.733159488604,West,Mobile,0
25.0,54083.34987439429,182.0,25.0,17.758874546879262,41141.461731650925,North,,0
64.0,23218.409874056924,152.0,24.0,114.6274679199364,7990.643899695473,East,Web,0
52.0,61249.95801376148,,19.0,214.76877842757744,-5000.0,West,Web,0
31.0,65343.85277283193,333.0,11.0,115.14993715268136,58894.78332495511,,Web,0
34.0,61069.06379551368,123.0,16.0,64.80120963509532,-5000.0,West,Referral,0
53.0,,113.0,23.0,163.366553158371,-5000.0,North,Referral,0
67.0,62070.165340771004,277.0,29.0,85.23634522946469,79134.43957612543,West,Web,0
57.0,83061.82476441987,212.0,32.0,540.2179665330414,60561.62177082855,West,Store,0
21.0,36589.699378268546,171.0,18.0,511.87037350514146,15408.37079407712,South,Web,1
19.0,113421.88314435669,287.0,15.0,139.58042145436332,-5000.0,,Store,0
79.0,67574.39365030755,173.0,22.0,79.46486508169144,-5000.0,North,Mobile,0
23.0,72006.56911221113,112.0,21.0,267.22096974216583,-1019.7398149203218,North,Referral,0
71.0,36464.64318560093,121.0,25.0,7.480765183071454,-5000.0,,Referral,0
59.0,74154.80973799188,31.0,18.0,128.78342493375635,-5000.0,West,,0
21.0,79531.95170010912,221.0,17.0,,72186.42705413439,South,Web,0
71.0,24906.946985247298,118.0,28.0,506.4899488328987,134184.4291431373,South,Referral,1
46.0,10227.252348370297,38.0,20.0,2.4151290560280168,-5000.0,,Store,0
,68809.98070828397,267.0,23.0,160.95652436463973,80519.06834528787,North,Mobile,0
43.0,45336.90529633402,232.0,14.0,269.92582906839345,,East,Mobile,0
61.0,67797.64407407188,17.0,22.0,132.72466123190378,72756.09928908892,West,Referral,0
51.0,21268.917873056547,148.0,20.0,17.85435617305374,-5000.0,East,,1
27.0,13184.822568519878,148.0,,718.4332520018512,44587.64933663761,North,Store,0
79.0,66200.6838900323,125.0,12.0,145.9665614049699,179.80654082326146,South,Referral,0
53.0,49506.48717129443,301.0,24.0,190.48010483856336,125633.12078270673,,Mobile,0
31.0,5000.0,,21.0,53.99719068159187,-5000.0,North,Web,1
48.0,100292.9645432319,237.0,9.0,132.13525659769437,70208.5038049465,West,,0
65.0,20770.287954487278,134.0,19.0,112.1255821772323,-2360.5970637226783,North,Referral,0
,137199.74856331298,150.0,25.0,,,West,Store,0
25.0,,235.0,31.0,22.445777256177628,5291.6885472632275,South,Web,0
31.0,72046.81704377996,223.0,21.0,,-5000.0,West,,0
40.0,109408.47031161556,202.0,19.0,54.83999375359758,18872.082727466273,North,Mobile,0
77.0,104383.01783486475,255.0,12.0,43.372233251876466,14988.14223025428,North,Web,0
74.0,119584.09218680649,85.0,24.0,140.60372920966986,39299.21987253835,North,Referral,0
79.0,14307.712833589409,149.0,20.0,292.848699549536,26760.411655429005,West,Store,0
57.0,25924.035074782587,234.0,16.0,12.789663032195289,83839.56396897891,,Web,1
38.0,66779.9182228209,344.0,22.0,171.9858224628267,93880.6892837895,West,Web,0
33.0,85192.42313693142,21.0,,25.387309945995735,-5000.0,South,Referral,0
62.0,,347.0,20.0,7.428473453950272,,East,,0
35.0,10860.178928598332,284.0,28.0,10.837168895391924,-5000.0,,Store,0
64.0,74897.34476894398,268.0,22.0,359.35131665636237,67028.4710510188,North,Mobile,0
70.0,54172.45835297897,257.0,17.0,25.106405152274686,69579.1027762295,South,Mobile,0
41.0,53812.831231324,28.0,23.0,9.240489566028915,-5000.0,,Store,0
43.0,5000.0,212.0,19.0,115.21506163930601,27438.33972235277,North,,1
42.0,83924.52613434943,282.0,,371.57148521653187,-5000.0,South,Referral,0
77.0,64356.121808563745,49.0,14.0,60.87299264319618,-5000.0,North,Mobile,0
,113854.9366991689,94.0,19.0,,128068.18645592044,South,Web,0
77.0,57764.77060406482,87.0,24.0,8.148260505969777,-5000.0,South,Referral,0
,76990.20391557067,43.0,18.0,119.2325947750277,-5000.0,,Web,0
58.0,84954.54528315789,277.0,21.0,172.3667028974085,26055.595200407475,North,Referral,0
46.0,7615.153240164262,170.0,,169.2163451201299,74847.17970387332,West,Store,1
32.0,138500.9983980478,188.0,21.0,80.82121405602336,8668.11311918985,East,Mobile,0
62.0,47076.2283623215,352.0,22.0,75.82302194710839,113309.64365354017,East,Web,0
18.0,74836.99806427454,183.0,13.0,22.549461509759478,,West,Web,0
,79217.46020847454,2.0,16.0,,-5000.0,South,,0
24.0,35556.47616029107,190.0,8.0,20.959838839631747,-5000.0,West,Referral,1
26.0,115409.4099434281,117.0,26.0,290.99683688787394,-5000.0,,Web,0
41.0,67978.65808063297,18.0,30.0,677.8990108439183,58348.87627435379,West,Referral,0
18.0,53595.820892779986,22.0,19.0,701.8085742403808,-5000.0,South,Store,1
61.0,64155.238871653266,29.0,20.0,400.6014602637655,223920.77669741778,West,Mobile,0
25.0,82927.5659582707,,17.0,183.65461375105662,62482.0875915368,South,,0
41.0,60323.944944291,107.0,27.0,241.37252666841943,31910.144313415287,South,Referral,0
28.0,86457.89731149719,280.0,24.0,67.15212272750013,114525.4173135317,North,Web,0
68.0,9453.835830967822,127.0,20.0,199.26733217074548,207492.32422501,West,,1
34.0,37560.900305205294,,21.0,,,West,Referral,0
25.0,5000.0,110.0,18.0,131.56270235115585,95905.0477177296,North,Referral,1
52.0,119910.24470528838,135.0,16.0,283.57893491474664,,South,Store,0
52.0,119519.76383054804,361.0,20.0,66.2344011062332,8677.939730644137,West,Mobile,0
50.0,,185.0,18.0,,-5000.0,North,Web,0
,29621.457872609055,143.0,24.0,517.1004833254026,-5000.0,South,Mobile,0
,131696.3481665497,71.0,15.0,11.573348309165334,-5000.0,North,Referral,0
59.0,41867.56565604864,128.0,20.0,132.96415696479409,,West,Referral,0
56.0,53603.78619284507,363.0,19.0,,13930.283945198134,North,,0
,64786.00217192167,260.0,14.0,,,East,Mobile,0
58.0,73545.47826056909,2.0,20.0,158.11102447919353,,South,Web,0
45.0,79314.07805112956,103.0,34.0,57.468207250075565,17093.55135661266,East,Referral,0
24.0,80518.84912423353,223.0,17.0,84.09813241571871,,East,Mobile,0
26.0,55664.27743938286,319.0,16.0,382.17403851069076,-5000.0,South,Store,0
25.0,80043.02855270138,361.0,16.0,163.84103115308866,266148.82961444027,South,Referral,0
29.0,54323.77021512968,353.0,,144.61499400157265,,North,Referral,0
51.0,77379.10310616661,9.0,,20.97872794116864,,South,Web,1
50.0,74918.75333492325,301.0,18.0,3.2315993245883523,38629.44699415186,East,Store,0
65.0,82885.41872394363,230.0,25.0,663.105919156159,-5000.0,East,Web,0
72.0,79139.00097062896,218.0,18.0,94.63731140985362,-5000.0,West,Store,0
40.0,46727.02875266108,65.0,24.0,184.87116454215786,-5000.0,South,Web,0
79.0,73761.30514677038,111.0,21.0,16.614390765968892,54577.335260740314,East,Store,0
41.0,79601.99213744659,,12.0,,-5000.0,West,Store,0
54.0,21266.268331538828,,23.0,539.3232893793648,97426.08192201632,West,Store,0
52.0,51778.66928306912,233.0,24.0,171.44652751838322,99502.57716243512,North,Mobile,0
,78243.41673655,89.0,30.0,26.96137196608614,129913.15081691596,East,Referral,0
57.0,111278.77484188866,313.0,17.0,,-5000.0,North,Store,0
39.0,,53.0,17.0,290.7838164514312,58029.24885536082,East,Mobile,0
44.0,113171.33960932787,11.0,24.0,104.31548912537609,70596.33733138407,North,Mobile,0
52.0,48048.79829469154,208.0,20.0,423.7824697954126,-5000.0,North,Web,0
18.0,67505.7147674293,13.0,18.0,209.21323928561836,-5000.0,South,Referral,0
52.0,84172.05898578354,120.0,25.0,459.02046832587666,148761.65326207783,North,Referral,0
54.0,5000.0,19.0,23.0,195.370267748066,38199.6700585643,South,Web,1
64.0,105324.0965434358,74.0,28.0,28.148718368184667,,West,Referral,0
31.0,5000.0,242.0,17.0,74.12339713489892,-5000.0,East,Web,1
20.0,89908.20204835209,222.0,15.0,45.07795149260442,-5000.0,West,Mobile,0
18.0,80604.95371627939,69.0,23.0,478.99819385186044,-5000.0,East,Mobile,1
22.0,5000.0,311.0,30.0,285.7569387146895,,,Store,0
43.0,5000.0,,18.0,225.64841067186956,-5000.0,East,Web,1
72.0,102974.45752357517,100.0,24.0,71.61127085267454,,North,Mobile,0
31.0,96441.66179059644,185.0,18.0,40.67915864638257,-5000.0,East,Mobile,0
56.0,,131.0,,282.48749718984396,-5000.0,East,Web,0
44.0,33543.63314867807,110.0,19.0,128.5508777346694,,West,Mobile,1
26.0,75378.14917128663,131.0,15.0,51.18230918066684,68303.24162223152,West,Referral,0
32.0,59617.675485348955,19.0,21.0,191.7467548776874,-5000.0,West,Mobile,0
32.0,91631.85647547343,23.0,15.0,8.23396352958546,-5000.0,,Web,0
43.0,74387.4277329926,226.0,17.0,78.95556050868116,-5000.0,South,Referral,0
59.0,107490.92381869606,153.0,22.0,126.43186408469937,-5000.0,,Referral,0
,89102.3333374118,292.0,16.0,32.023969944221356,71561.47933162331,East,Mobile,0
30.0,81623.19147421732,229.0,21.0,835.3863094461069,94259.65530754597,,Store,0
68.0,49436.25839088978,309.0,27.0,46.91608185918849,-5000.0,North,Referral,0
49.0,47240.36297514466,358.0,22.0,27.93360926665708,-5000.0,East,Web,0
56.0,58447.230458840975,201.0,21.0,45.514386900763654,41427.491029306664,South,Store,0
66.0,115228.29209811625,37.0,17.0,293.12044983965836,-5000.0,East,Store,0
69.0,47811.75811830647,259.0,22.0,110.85300650392804,-5000.0,North,Referral,0
,67815.86961222049,187.0,,166.6731777335055,126022.08723496301,South,Mobile,0
49.0,5000.0,56.0,12.0,4.246597980659455,86169.23428526144,South,Store,0
21.0,80274.26190132242,19.0,17.0,7.007606736386808,32637.944980116135,North,Mobile,0
47.0,127715.94843279418,,22.0,118.05514995878808,-5000.0,East,Referral,0
54.0,31990.856722112258,118.0,11.0,339.27739631111587,36911.72539765271,West,Web,0
40.0,155233.26411380275,70.0,29.0,432.9805034313114,105012.58326300212,East,Store,0
56.0,65467.2181396996,3.0,22.0,18.139611274190656,-5000.0,East,Web,1
62.0,5000.0,,,154.59532643861007,128089.1271989372,North,,0
32.0,48433.85280096266,13.0,23.0,488.8981447279088,123419.62316145656,South,Mobile,0
60.0,99913.15689807248,2.0,17.0,98.19569570060966,153098.6265714779,North,,0
46.0,119979.51618749413,215.0,11.0,353.8812329803515,44419.450122508235,East,Referral,0
53.0,81542.9564475505,228.0,14.0,,66991.33598448097,West,Referral,0
30.0,107027.83262636903,335.0,23.0,547.8911145142548,133134.98306648718,,Store,0
49.0,,185.0,19.0,278.40077993678455,55791.51496551805,West,Store,0
24.0,39592.15238418276,54.0,19.0,567.1803263285601,-5000.0,North,Referral,1
76.0,9616.221539946288,253.0,16.0,225.7837243837193,-5000.0,South,,0
,41848.1077202429,,17.0,90.32398814306208,39084.396301899134,North,Web,0
39.0,82857.56959306999,161.0,21.0,556.7094618423757,-5000.0,West,Mobile,0
45.0,66379.67287149058,157.0,17.0,64.47313805758968,,East,Mobile,0
19.0,86035.47109989547,81.0,21.0,80.74508107230449,107723.7694584203,South,Store,0
59.0,31904.5794750979,,22.0,241.3342336620334,-5000.0,North,,1
62.0,33734.249195644006,187.0,16.0,289.90332537535136,142758.5681435612,North,Web,0
79.0,66138.30628574739,59.0,23.0,530.154896401161,109789.93749625277,South,Store,0
74.0,41920.56584084054,304.0,17.0,45.832930628321414,-5000.0,South,Web,0
70.0,99055.47504480285,318.0,21.0,319.8955709981461,63471.26622974477,East,Referral,0
23.0,41177.43346867569,,30.0,268.29942468069163,20251.81815250613,,Referral,1
45.0,45138.322712062596,151.0,16.0,13.184067081431353,118399.22947509465,East,Referral,0
45.0,72565.18241605461,108.0,23.0,97.95088486805696,,West,Mobile,0
61.0,48321.35424817521,75.0,19.0,66.47047496052973,-5000.0,,Referral,0
61.0,22951.668193877602,29.0,21.0,72.62209994211713,66980.99307713413,North,Store,0
37.0,27019.325255037336,313.0,19.0,,3549.771708540189,West,Mobile,0
47.0,76132.97875220867,116.0,15.0,,26626.605641447994,West,Web,0
79.0,,355.0,36.0,252.9400980610554,-5000.0,East,Store,0
28.0,101914.93282646433,191.0,13.0,751.1546544454928,159850.96552966684,North,Store,0
75.0,39288.021470947504,18.0,,94.70654020657481,103204.94559220607,South,Web,0
72.0,78486.47450904183,172.0,17.0,323.73626877724087,,North,Mobile,0
45.0,41087.62127911097,227.0,23.0,,-5000.0,West,Store,0
42.0,32542.758600109046,349.0,21.0,407.32802141668157,,South,,0
56.0,67383.11046870546,182.0,,,54760.21168730446,North,Store,0
79.0,,112.0,23.0,590.0989283916775,,North,Mobile,0
50.0,52578.96747419686,182.0,16.0,49.37757301670222,120250.62598145947,North,Mobile,0
,,145.0,23.0,78.97047665833375,,North,Mobile,1
74.0,84222.52083248404,318.0,,282.2750417803184,97565.52206023254,,Store,0
,85215.81750754669,115.0,17.0,100.0942635398074,46148.43204883499,North,Referral,0
79.0,58845.24839940777,112.0,11.0,187.40656221431098,-5000.0,West,Web,0
74.0,46695.60322544134,250.0,23.0,117.60379876267237,4344.117508247884,West,,0
,,250.0,22.0,271.24611754345756,104807.17919269323,East,Mobile,0
30.0,54272.65525834971,302.0,24.0,51.839980883801054,15878.165718028315,South,Store,0
58.0,69389.22455450555,312.0,28.0,12.047261731786104,,South,Store,0
20.0,24171.887194627423,117.0,,71.31481765441472,-5000.0,West,Referral,1
56.0,68315.4473807624,300.0,23.0,128.60821076543124,-5000.0,West,Referral,0
23.0,38450.897514877535,,20.0,36.78938792889803,10132.474876311164,East,Web,0
25.0,87176.62834471509,197.0,18.0,,44723.79544261232,,Store,0
44.0,39825.96451888454,259.0,21.0,102.15946426449123,-5000.0,,Referral,1
26.0,,147.0,17.0,11.820922307277382,1143.1004114665193,North,Web,0
79.0,,239.0,27.0,175.08122699111237,-5000.0,North,Mobile,0
54.0,,46.0,,431.426013007785,109539.59340512767,North,Referral,0
50.0,128299.54879196512,197.0,22.0,32.91430408982725,,East,Mobile,0
68.0,11120.921683372428,46.0,23.0,,136220.44361009466,West,Web,0
59.0,63295.58840864233,77.0,19.0,218.56931144439443,,East,Mobile,0
61.0,93889.48454917112,123.0,29.0,108.71614602718691,13516.3228222605,South,Store,0
,42650.58231218098,74.0,25.0,241.52762760188625,-5000.0,West,Store,0
32.0,32683.264657803596,358.0,19.0,105.77468312433034,-5000.0,North,Mobile,0
76.0,33874.06057061015,136.0,17.0,140.4930066368124,-5000.0,East,Store,0
71.0,11641.164610497464,89.0,11.0,1.4760422882694029,-5000.0,East,Web,1
49.0,100491.13881932085,,28.0,235.34943766060223,130277.57019692038,North,Store,0
49.0,50111.47974580775,60.0,24.0,216.55330704036055,29265.966978155688,East,Mobile,0
,46559.18580599308,137.0,22.0,7.831525512523473,51168.36192735903,North,Mobile,0
58.0,5000.0,49.0,15.0,91.85234054202026,-5000.0,South,Mobile,0
69.0,16988.742826143454,258.0,12.0,,-5000.0,West,Referral,1
66.0,103961.69266557282,106.0,22.0,109.19958359123716,90966.38211570296,South,Mobile,0
79.0,69093.16998301736,112.0,25.0,139.40911594338155,42941.928990606895,,Web,0
66.0,94995.02489775317,349.0,13.0,481.43397783049664,8223.577705152218,North,Store,0
75.0,91199.7731948949,253.0,17.0,252.64683323231088,65187.38868800981,East,Store,0
69.0,29981.391582811786,117.0,20.0,174.4883276685598,150863.8244908652,South,Referral,0
29.0,132895.43185961907,197.0,,319.70422493935564,2316.6029170359543,,Referral,0
79.0,118491.97786803689,,30.0,399.5594323932003,25549.584212645554,South,Web,0
56.0,43087.00673630895,364.0,18.0,122.08797017852966,35407.75349850441,East,Mobile,0
19.0,5000.0,,13.0,128.91268941796724,211368.7708219194,East,Referral,1
,49304.0373016777,244.0,,97.5686622727609,-5000.0,North,Store,0
66.0,67148.88786364345,34.0,22.0,680.4764567870974,74657.84118310464,South,Referral,0
54.0,42968.42895672927,301.0,,238.91426361759636,10815.820099274906,West,Referral,0
,,68.0,,17.378218562937104,65341.73809473437,East,Mobile,0
73.0,35140.25890986616,348.0,15.0,397.495935246518,-5000.0,North,Referral,0
34.0,,319.0,16.0,,16082.79753132398,South,Web,0
,61908.99721105665,48.0,15.0,14.246340822651993,76912.84635723961,West,Store,0
66.0,88545.42188828862,,23.0,159.5759143339993,269032.81608350726,East,Mobile,0
19.0,96666.1003862381,191.0,,107.96998289184864,,West,Store,0
19.0,,260.0,12.0,420.33645648792356,-5000.0,East,Web,0
45.0,36884.33367497691,355.0,16.0,45.62986275510845,-5000.0,North,Web,0
71.0,41279.12119078369,69.0,13.0,350.2747441048288,-5000.0,West,Referral,0
40.0,137141.17079066348,89.0,20.0,163.14826524708477,-5000.0,South,Referral,0
54.0,,259.0,16.0,11.231611788152783,-5000.0,South,Referral,0
,84376.81789089192,125.0,18.0,714.0082045423928,78626.3265457396,East,Store,0
50.0,5000.0,230.0,,143.74028293021897,-5000.0,South,Web,0
18.0,64296.46357492565,294.0,,68.74521563101749,103878.6120840474,West,,0
36.0,89348.78946348773,128.0,20.0,126.75194643548528,59021.98568674705,North,Referral,0
79.0,85858.95255180469,279.0,23.0,,-5000.0,,Store,0
19.0,78701.98316749054,312.0,20.0,72.74081075142634,8677.629012972206,West,Referral,0
70.0,60390.01519485377,99.0,26.0,42.80613908200791,147865.74461128266,East,Web,0
61.0,61847.05861876353,325.0,20.0,27.63902089550304,78683.82508046927,North,Mobile,0
43.0,9202.014758706318,296.0,21.0,70.72432156353936,20702.692391851826,East,Web,0
,32984.013444385695,181.0,18.0,302.86926679521036,985.3346431212558,South,,1
23.0,66928.3186916449,173.0,23.0,127.59032077210986,26128.725636132767,,Referral,0
49.0,38520.72579221384,315.0,18.0,51.619891300968014,-5000.0,East,Web,1
72.0,80665.14741098354,363.0,16.0,36.34874466071704,-5000.0,North,Store,0
21.0,74003.47650794587,187.0,19.0,80.91194656992609,183374.23284277847,North,Referral,1
72.0,101021.10764165981,56.0,24.0,562.4302117115614,32425.999935952117,South,Mobile,0
28.0,88747.61478457713,30.0,20.0,84.0223839512816,51851.78120980297,,Web,0
73.0,66817.84227403704,83.0,22.0,886.648423548463,15367.380009847302,East,Referral,0
76.0,82439.41302185747,151.0,16.0,132.80719307871493,-5000.0,West,Referral,0
34.0,90153.06486898968,35.0,23.0,39.48636926672999,5126.041524098342,East,Referral,0
55.0,44776.88142276053,212.0,25.0,443.53869384035363,-5000.0,South,Referral,0
41.0,50120.070050405935,363.0,18.0,,202166.91984426437,South,Web,0
22.0,57095.21887819768,105.0,19.0,247.3483398878105,,South,Referral,0
69.0,45734.083675069516,341.0,19.0,,-5000.0,North,,0
,90470.60835190452,219.0,18.0,10.295578141717247,,East,Web,0
23.0,,162.0,27.0,20.338906449370395,123046.05798819021,West,Referral,0
39.0,97549.54414199473,219.0,18.0,254.91964544197455,21160.719941012332,East,Web,0
28.0,,269.0,33.0,66.20840232600429,-5000.0,West,Store,0
65.0,74171.89928518074,119.0,22.0,40.742070251068796,120347.06886058715,East,Store,0
33.0,64992.45446288665,,18.0,8.031501364000023,78480.0501428385,South,Web,0
50.0,30720.605751249997,181.0,,4.417777003745725,63074.79657731619,West,Referral,0
26.0,59403.30811527629,105.0,16.0,297.8742555638457,77258.73929366723,East,Referral,0
77.0,70009.30594351792,216.0,18.0,28.874197841340866,211548.95204659607,North,Store,0
76.0,58071.219386685065,204.0,18.0,126.11735390774099,194807.59160288898,North,Referral,0
23.0,19718.803244811475,69.0,23.0,,-5000.0,East,Store,1
,111042.87730578514,,23.0,111.84630255481235,149910.79942489218,South,Referral,0
,62630.98448585208,328.0,16.0,5.496162932061044,50653.45518071203,West,Store,0
20.0,36170.92274509434,300.0,20.0,306.0343343847066,59927.66529101995,East,Mobile,0
37.0,108623.04070401823,227.0,24.0,2.113775780329084,-5000.0,North,Referral,0
77.0,78521.69429160976,183.0,,287.0044167248554,6369.138768944322,West,Referral,0
76.0,23994.900107951726,106.0,24.0,447.5552475327412,-5000.0,North,Referral,1
,28665.157608003643,83.0,24.0,113.4227377846188,86244.70519146475,North,,1
36.0,53328.15840336473,337.0,24.0,153.37703264500328,105686.4400322244,East,Referral,0
43.0,68919.20936549467,249.0,14.0,129.62841226884407,-5000.0,North,Web,0
20.0,78683.99494391766,362.0,22.0,98.59996322453438,,West,Web,0
36.0,88505.35438585703,20.0,15.0,436.82629710266065,109748.92038354017,South,Store,0
37.0,76187.17219200428,195.0,26.0,448.7378247367515,5065.683014924403,East,Web,0
49.0,100402.37935922988,177.0,27.0,81.83932169327453,78325.09160018916,West,Web,0
24.0,63803.7947904141,6.0,21.0,,48093.23741016672,East,Mobile,1
69.0,,69.0,26.0,523.2060733810963,47332.818556210106,North,Referral,0
58.0,59899.473910230794,,22.0,654.3419502490059,-1705.1982454637982,North,Web,0
50.0,57930.58018962624,159.0,20.0,,-5000.0,West,,0
57.0,5000.0,247.0,17.0,120.59724899914947,,,Web,0
56.0,43158.99422713024,202.0,17.0,65.33845183763852,76748.20115642538,South,Store,0
35.0,69426.11198851353,147.0,16.0,638.2126081885484,21556.66044151065,West,Mobile,0
57.0,47273.533043646414,142.0,27.0,30.82014059222692,8919.020431422021,West,Web,0
18.0,40613.719145310024,198.0,15.0,173.41897573853987,-5000.0,East,Referral,0
28.0,87341.28587413691,153.0,,66.41047861241049,-4415.10763846014,North,Store,0
45.0,32503.625256736814,141.0,,65.42552803304643,103752.94355905116,West,,0
74.0,81348.67951412468,312.0,24.0,103.82821610086899,-5000.0,South,Store,0
42.0,20017.665876351457,164.0,23.0,1343.9128323047544,-5000.0,West,Mobile,1
67.0,,313.0,29.0,,79492.14204321385,North,Store,0
40.0,53529.43419296228,20.0,18.0,172.80694385638208,3609.866890822621,West,Referral,0
,50302.04132111831,81.0,15.0,17.236269701234793,22511.669242622116,East,Referral,0
47.0,94291.97708669756,68.0,16.0,33.57034944912859,148606.26451196085,North,Web,0
59.0,47438.85477580653,130.0,17.0,115.80766770690522,,West,Store,0
,103647.83424976999,86.0,24.0,142.85787452385,43134.69384949803,East,Referral,0
24.0,71147.8149145958,217.0,13.0,,-5000.0,North,Web,0
77.0,56448.06298361313,304.0,18.0,76.09318095535616,2426.443811923189,West,Mobile,0
33.0,53249.82289888874,344.0,16.0,18.19665532947585,68762.08361668809,East,Referral,0
43.0,96227.76511290786,340.0,26.0,72.25704925510391,-5000.0,South,Web,0
65.0,66914.61643810509,,16.0,679.5911645225018,36067.607449256764,East,Referral,0
74.0,72969.2619357231,177.0,11.0,579.0231726990647,28063.285811584505,South,Store,0
69.0,76230.05617810886,116.0,23.0,81.5570465444863,23302.996446995152,West,Web,0
77.0,63988.08555668073,195.0,,169.19158862557114,102972.71189265946,East,Store,0
66.0,75596.1667904995,326.0,19.0,480.69200591951915,46755.08118788172,South,Mobile,0
19.0,56450.29731957028,85.0,24.0,1.2406043323879326,138245.7518685155,North,,1
18.0,58505.741045202725,,17.0,332.8670865733714,-5000.0,East,Web,1
65.0,26426.55215919874,80.0,16.0,592.728743656527,30873.965377467837,West,Referral,0
79.0,68932.80752755192,151.0,,19.153718525268367,26757.342911195796,North,Web,0
29.0,8413.769798633388,,24.0,35.21566194443919,-5000.0,South,Store,1
22.0,68506.74211832738,60.0,25.0,,96503.60016730768,East,,1
54.0,51581.51951505557,353.0,21.0,,205973.86446822542,East,Referral,0
49.0,71237.55328352934,27.0,26.0,2.859674141901827,18639.51404129352,West,Mobile,0
,28535.14997754972,42.0,24.0,59.58204004436515,60401.68706190135,North,Web,1
72.0,5000.0,,23.0,119.54691911579086,26761.47806522618,East,Referral,0
26.0,49474.04079079382,,16.0,236.12217372879428,-5000.0,East,Referral,0
58.0,28622.61993428705,176.0,18.0,264.22149364674306,-5000.0,North,Referral,1
52.0,6583.299503685528,,24.0,1077.2773336994098,-5000.0,East,Web,0
36.0,83039.49809083709,97.0,21.0,67.79821707924266,-5000.0,North,Web,0
65.0,108037.14681426121,197.0,19.0,,156328.16624472942,North,Web,0
,36091.456926763494,97.0,22.0,152.4238166788931,10791.224486140867,North,Mobile,1
20.0,57726.875183356395,64.0,29.0,104.0557863116872,-5000.0,West,Referral,0
37.0,50766.431499605635,329.0,20.0,37.064064241557794,91132.30598302447,North,Store,0
41.0,40233.04734071391,340.0,,758.4622611356139,-5000.0,North,Store,0
71.0,79912.11641664064,4.0,,383.8965511775718,-5000.0,South,Referral,1
73.0,90304.24381285855,1.0,22.0,137.9637564832202,25445.781539889682,South,Store,0
50.0,33941.784322031875,21.0,15.0,184.88747652277786,102301.51931387844,West,Mobile,1
41.0,61343.00601284711,111.0,19.0,51.562800451625534,60134.803613503056,,Mobile,0
69.0,98535.99101801682,56.0,25.0,156.95912551202036,39866.011401270574,South,Web,0
,80671.08609644917,65.0,21.0,237.4691165954207,26249.41881888131,South,,0
66.0,85130.92315201466,329.0,31.0,144.79016715718456,52018.86844214201,East,Web,0
,101039.55922327243,97.0,20.0,926.8203510460675,36132.232410340366,North,Web,0
53.0,100645.3551711975,143.0,15.0,189.0109229971081,-5000.0,South,Web,0
55.0,90859.27890909197,124.0,17.0,92.7164461547369,23686.337730652107,West,Store,0
57.0,64348.12244343542,166.0,21.0,295.8153320436613,-5000.0,East,Store,0
37.0,48525.50947625725,85.0,18.0,37.377395275690375,26486.6034320659,East,Web,0
79.0,63104.332959395564,75.0,12.0,97.06920522860668,-5000.0,North,Mobile,0
52.0,,343.0,22.0,85.22305771075393,223150.52982262892,North,Store,0
65.0,5000.0,293.0,15.0,113.05885932602338,16808.449299863045,East,Mobile,0
79.0,51615.02802599879,58.0,17.0,304.4501506136853,-5000.0,West,Mobile,0
42.0,70725.78731511661,,27.0,132.39678067749793,9265.583145846034,North,Referral,0
52.0,42381.91746701463,98.0,25.0,315.9898519150231,61548.69965103105,North,Referral,0
42.0,54216.60638284176,191.0,18.0,171.83511249878362,153869.11569220189,,,0
46.0,55378.89852099803,242.0,12.0,83.73117540410482,-5000.0,East,,0
35.0,100705.70322656666,,12.0,,-5000.0,North,Store,0
63.0,49216.88177925294,48.0,16.0,54.4377881303494,85346.96091447849,South,Referral,0
35.0,100699.00146550362,31.0,17.0,50.81928225902078,-5000.0,North,Referral,0
19.0,5000.0,276.0,15.0,140.43876529003282,-5000.0,South,Mobile,1
71.0,100435.67343987108,19.0,17.0,60.45067629872475,-609.638840879521,East,Referral,0
52.0,98922.18344587873,153.0,,1.8257147777313114,14429.323735991347,South,,0
33.0,87067.64020167575,67.0,16.0,208.9939417631036,75133.15656594685,West,Store,0
78.0,5000.0,213.0,16.0,,-5000.0,East,,0
58.0,90566.60985667443,142.0,22.0,117.94411996740766,-1898.3401733408573,North,Referral,0
53.0,,231.0,16.0,682.0588139813656,18858.37176404892,North,Mobile,0
50.0,5000.0,212.0,14.0,169.3525532311585,31967.836601503044,East,Referral,1
,98945.33123504088,78.0,26.0,398.1859056661058,27826.173976633814,East,Store,0
50.0,103325.19235646905,213.0,12.0,30.036766749561476,54880.462017806385,West,Mobile,0
31.0,5000.0,115.0,17.0,168.4252672868285,87507.16077133898,East,Referral,0
,,91.0,24.0,404.9598050715416,51410.729252077435,North,Store,0
65.0,101657.73364332548,269.0,21.0,174.98454078580858,56286.84188073748,,Referral,0
37.0,96904.83940371439,167.0,14.0,253.17969727081226,-5000.0,North,Mobile,0
73.0,,,17.0,93.056898083535,24018.215933254436,,Referral,0
25.0,5000.0,283.0,,19.401217156210386,58360.603840128686,East,Mobile,0
24.0,81886.28299907442,25.0,,,78315.29556563601,South,Mobile,1
20.0,53456.88304878172,65.0,11.0,,-5000.0,North,Referral,0
34.0,89875.72586155483,247.0,,403.5717504517641,-5000.0,South,Store,0
50.0,,,21.0,55.94153780048572,-5000.0,South,Web,0
65.0,59403.55169133405,43.0,17.0,680.645252901393,,North,Store,0
29.0,79227.11548227709,96.0,26.0,634.6759293384877,102710.48439393668,North,Store,0
,54842.598867847264,41.0,15.0,56.90584772435664,-5000.0,East,Referral,0
68.0,59271.68160324174,226.0,23.0,85.55808130910317,92636.98509016391,South,,0
39.0,43343.280026137145,261.0,20.0,451.82035107606237,29878.384733167535,West,Store,0
72.0,11837.730264463127,166.0,18.0,679.9729793395819,10057.137827005097,West,Web,1
,77035.60421313814,278.0,19.0,117.19573707747814,,,Store,0
63.0,35819.090409882905,88.0,19.0,77.42596007771472,79728.90916817257,,Web,1
47.0,53976.24401877798,177.0,14.0,149.3492634304409,46046.22534296561,South,Referral,0
55.0,68609.218753618,196.0,30.0,232.8025282892511,202066.034211811,North,Web,0
55.0,5000.0,306.0,21.0,63.89634359131852,-5000.0,West,Mobile,0
62.0,5000.0,,20.0,266.7200224160431,61448.13616239806,East,Mobile,1
68.0,,267.0,16.0,10.607880877436308,-5000.0,East,Web,0
71.0,73636.90446898967,73.0,18.0,10.11018616244752,-5000.0,South,Mobile,0
25.0,82321.14811947483,7.0,14.0,97.64580716124998,19130.629037202227,East,Referral,1
44.0,12260.565123722787,296.0,15.0,87.22812307330801,30988.198352562882,North,Mobile,0
44.0,,163.0,16.0,,253453.8844048074,North,Web,0
51.0,52647.911450509906,84.0,25.0,135.06921792937874,5268.334745343835,North,Referral,0
38.0,33505.28264710569,71.0,21.0,77.34837212997688,-5000.0,North,Mobile,1
47.0,40543.44431821888,54.0,18.0,42.70249548859905,41840.857399550856,South,Referral,0
50.0,84055.719961205,46.0,18.0,,-5000.0,East,Web,0
45.0,68220.17355256714,237.0,21.0,737.0115357637773,12643.457391658732,West,Mobile,0
64.0,61509.195682659614,103.0,24.0,105.90433448748782,21282.022583612834,East,Referral,0
50.0,67304.872164237,209.0,22.0,117.65395598567936,83568.03063561692,North,Referral,0
22.0,87842.9332984858,,16.0,171.86160083681676,97889.77995422775,West,,0
77.0,57087.012977900304,315.0,16.0,818.9581533220137,-5000.0,South,Referral,0
78.0,61629.566593627096,267.0,24.0,55.30920222135497,,North,,0
65.0,94145.12220413415,262.0,23.0,228.689785301858,-5000.0,North,Web,0
36.0,50052.40127210524,335.0,19.0,251.74542925868448,-5000.0,,Web,0
21.0,,364.0,13.0,186.95429920776056,44791.582350450764,South,Web,1
52.0,44888.86557980576,258.0,28.0,18.54992688015947,-5000.0,West,,0
,47523.97975764646,282.0,17.0,225.94152060945757,-5000.0,South,Web,0
34.0,56878.5072960109,113.0,20.0,13.24819892575126,-5000.0,,Web,0
61.0,75458.18558960296,362.0,24.0,181.33871126365364,63974.65490322078,East,Mobile,0
45.0,95825.45887653207,39.0,20.0,269.0928174330804,,North,Web,0
47.0,62896.357906163255,219.0,24.0,47.39015948389249,-5000.0,,Referral,0
46.0,15004.89266029367,128.0,25.0,368.55414915235883,,East,Mobile,1
63.0,78943.38880601813,7.0,18.0,6.16480439871988,10009.049171994608,South,Referral,0
70.0,133615.26522437128,100.0,21.0,371.34007974683465,21255.823676620672,West,Web,0
23.0,63260.06493202051,175.0,20.0,123.35913563939877,37492.74454058382,,Web,0
52.0,,106.0,10.0,49.07474923650622,-5000.0,North,Referral,0
77.0,65089.586684125534,,,28.72284392387655,3948.8560939654544,,Referral,0
58.0,59909.621904484826,259.0,25.0,612.8329215016036,49400.83284324818,East,Referral,0
54.0,,245.0,16.0,15.088206304784618,103234.47141158712,East,Store,0
41.0,88362.29699931398,274.0,,,-5000.0,North,Store,0
46.0,101348.24359007172,31.0,21.0,85.48765618147648,-5000.0,West,Store,0
66.0,80507.57235603248,136.0,,193.64044817977947,,,Store,0
63.0,56008.25745986795,11.0,24.0,157.40415606941272,-5000.0,North,Mobile,0
70.0,93770.3635310889,301.0,23.0,26.85341661563596,158493.57054138396,,Web,0
48.0,15185.110763572782,15.0,24.0,68.42145216472079,-5000.0,North,Referral,0
52.0,38518.31637798016,128.0,22.0,54.5591573021044,16696.585039417372,,Web,0
77.0,41861.16664194811,62.0,28.0,48.04340911186651,64481.76774738326,North,,0
50.0,59071.480562041965,108.0,11.0,105.91483576150998,-5000.0,West,,0
69.0,75202.03987460514,20.0,25.0,243.50041781190717,-5000.0,East,Mobile,0
78.0,53978.61154988149,157.0,24.0,49.04024157113892,-5000.0,North,Store,0
38.0,32818.926164931756,268.0,18.0,91.35553728463964,102355.24447416325,West,Web,1
49.0,89245.50854088391,161.0,31.0,99.16028647074539,-5000.0,East,,0
40.0,52936.29833385919,259.0,28.0,749.7813510733513,-5000.0,West,Web,0
50.0,63063.86762613101,101.0,21.0,618.7411696775183,94053.77676021773,East,Mobile,0
20.0,76532.03236427723,222.0,17.0,322.0252125831439,-5000.0,South,Mobile,0
35.0,61166.32823768841,58.0,23.0,55.324404402598084,,North,Web,0
42.0,61298.15084232871,246.0,23.0,14.092500335415165,,North,Store,0
,90914.20261307489,127.0,18.0,76.22401490638578,81660.01676950298,East,Referral,0
48.0,64541.084237111296,282.0,19.0,62.06586582047245,210537.0825386037,South,Mobile,0
71.0,85883.90957371467,324.0,18.0,141.0139141881239,86178.88861259384,West,Mobile,0
,76340.0233295517,24.0,29.0,300.77060345126205,112787.19731106755,South,Web,0
,120506.62632560747,130.0,18.0,,-5000.0,West,Mobile,0
57.0,72282.4025360739,352.0,11.0,372.6907355936044,-5000.0,West,Mobile,0
63.0,79139.19810452318,195.0,15.0,89.15605909758007,24986.507969529837,North,Referral,0
41.0,93049.70141989102,280.0,19.0,,28573.593220767696,East,Store,0
67.0,61908.5327985051,153.0,16.0,75.03593462375231,-5000.0,North,Referral,0
49.0,40864.407098116775,,,12.567842379845262,5976.437607678972,North,Store,0
64.0,45775.6325662963,,24.0,241.84080305836443,51945.40813753047,,Referral,0
,46064.792234925364,188.0,24.0,1.975232339850701,48831.471601446414,West,Web,0
40.0,,264.0,22.0,105.2496511880298,60343.028270741794,,Mobile,1
19.0,69534.15507605652,133.0,,,43277.17841099543,West,Store,0
44.0,41114.503558527475,210.0,17.0,236.4276110682943,-5000.0,East,Web,0
59.0,65845.58463605541,59.0,17.0,290.69674862617177,-5000.0,West,Mobile,0
19.0,55239.76668868091,363.0,,72.50831982315023,-5000.0,West,Mobile,1
43.0,58751.35520122455,363.0,19.0,333.866263178827,162782.0031348076,South,Mobile,0
34.0,76681.69943486567,212.0,14.0,69.60442909427753,21076.02916954344,North,Referral,0
57.0,43743.026268343565,215.0,20.0,118.23597265391956,2011.7555364118452,North,Web,0
50.0,79166.7313781032,225.0,20.0,259.67027012414303,-5000.0,North,Web,0
26.0,107019.23599916857,130.0,21.0,236.12954509774963,254852.63218622227,North,Mobile,0
60.0,70293.27248855276,75.0,15.0,874.3118785727979,,,Store,0
71.0,,285.0,21.0,,-5000.0,South,,1
65.0,41549.45965980611,276.0,18.0,217.13007974348128,53266.94690288484,South,Referral,0
56.0,52552.11297644653,155.0,25.0,,,South,Store,0
46.0,42153.29108791302,247.0,19.0,493.2525963887901,96634.56441725472,,Store,0
59.0,30264.590711698507,217.0,24.0,34.006390848935695,164608.68062154105,West,Store,1
72.0,64632.21830885075,189.0,21.0,278.7026014628955,60492.61243685699,East,Store,0
43.0,53364.08004822603,162.0,16.0,,-5000.0,South,Web,0
52.0,65691.62650674174,,21.0,64.22457220740378,-555.6100097425224,West,Mobile,0
67.0,95591.62236645864,,20.0,128.65624824775455,44626.58980111079,South,Store,0
42.0,52909.41498226922,,15.0,81.22604497079458,,North,Referral,0
41.0,24437.399859590667,,19.0,173.17342943941452,-5000.0,North,Referral,1
30.0,48033.225232393466,337.0,10.0,439.6461161039542,116206.1204180182,West,Mobile,0
77.0,83112.75651349928,313.0,23.0,168.47101196117046,34393.14956371334,West,Web,0
75.0,80303.10812150865,74.0,16.0,199.78366542547988,87026.44281835845,West,Mobile,0
24.0,75559.18942840701,278.0,16.0,146.27278397245456,11840.42266912544,North,Store,0
74.0,,175.0,18.0,10.50417929454508,-5000.0,North,Web,0
53.0,82557.07854098096,149.0,25.0,53.01681675278442,80069.82235210657,East,Web,0
62.0,89306.97234111198,272.0,18.0,135.45544716066274,,West,Store,0
37.0,39137.35110330072,324.0,24.0,74.28094609516299,97764.55725917775,,Referral,0
18.0,58752.89707372426,107.0,16.0,40.12079676799832,18935.629169709176,South,Store,0
25.0,120612.05891046335,138.0,19.0,140.28944291551647,-5000.0,East,Mobile,0
63.0,37803.77170609837,349.0,25.0,,-5000.0,South,Store,0
33.0,8847.399922688259,270.0,18.0,59.7102236001904,85549.86145115251,South,,1
31.0,101487.13303394396,346.0,25.0,124.71878240269452,53911.158595518886,East,Store,0
29.0,94098.14315113681,288.0,19.0,28.60884399080486,-5000.0,West,Mobile,0
68.0,,211.0,28.0,525.5127791907216,-5000.0,South,Mobile,0
,56610.2465439574,271.0,,404.5398130550464,-5000.0,West,Referral,0
32.0,,65.0,20.0,,-5000.0,North,Mobile,0
45.0,62668.56817829106,247.0,20.0,22.457742632922724,,South,Mobile,0
,94977.41146114201,155.0,15.0,299.1122812182008,-5000.0,North,Store,0
19.0,43721.85474725166,46.0,23.0,330.00753644318183,-5000.0,East,Web,0
49.0,86313.05936358878,,19.0,292.00076856710893,-5000.0,West,,0
,73911.71572171296,147.0,22.0,24.199965399098232,-5000.0,East,Mobile,0
39.0,77334.50672643419,123.0,18.0,206.51320679706183,181807.2184455585,South,Referral,0
68.0,45470.72458240895,0.0,19.0,359.5452016339211,120203.25848233845,North,Referral,0
42.0,49361.27451199517,246.0,25.0,172.24378260131857,-5000.0,South,Store,0
75.0,5000.0,342.0,18.0,207.9219611963342,41793.71173228879,East,Store,1
79.0,42999.91762469683,127.0,13.0,122.63202575213133,53397.2071857036,West,Mobile,0
78.0,94904.56374093777,190.0,19.0,150.45519528712808,115286.86838187814,West,,0
39.0,,66.0,22.0,6.996328680903926,-5000.0,South,Web,0
75.0,36590.95038429285,3.0,19.0,203.75497873762168,107368.5427185941,South,Store,0
75.0,79205.69471121371,302.0,,,-5000.0,North,Referral,0
39.0,,293.0,21.0,114.191075771995,-5000.0,East,Mobile,0
66.0,80695.89749388902,142.0,,69.24737856294044,77930.92474515978,South,Mobile,0
69.0,25103.383797287883,190.0,31.0,157.679770508331,,North,Web,0
59.0,,20.0,27.0,28.639323996925516,227032.71788245477,South,Store,0
23.0,23527.39877498249,226.0,22.0,235.2996759849504,-5000.0,West,Web,1
32.0,64627.41941202204,,24.0,316.96031582544674,75913.5748064631,North,Web,0
71.0,55240.33512394241,,22.0,35.670954915951974,-5000.0,North,Store,0
60.0,24400.754479048577,301.0,23.0,22.032870983885054,82668.6968419225,South,,1
77.0,48893.7173156025,141.0,20.0,31.451379141969582,-5000.0,East,Mobile,0
54.0,60699.228026576086,38.0,19.0,,-5000.0,,Referral,0
50.0,40500.8036440959,354.0,27.0,150.23547042144813,-5000.0,East,Store,0
25.0,88116.70864604547,251.0,,125.94472966111701,26317.12365344676,North,Store,0
70.0,55151.22763612587,332.0,,22.569207838803187,-5000.0,East,Mobile,0
77.0,19761.7598694514,206.0,21.0,209.71087526162816,72724.34751307358,North,,0
61.0,17216.23401992109,209.0,9.0,404.99005293933624,102151.56946063315,East,Mobile,0
61.0,78184.95271834369,114.0,32.0,352.2684044155587,67966.20329962845,South,,0
22.0,15396.876518989913,224.0,23.0,196.7291545929999,,,Web,1
56.0,69492.7821914725,133.0,22.0,15.652580434678837,53266.13035642744,North,Web,0
21.0,73339.65557000878,250.0,30.0,23.846147729172124,-5000.0,,Referral,1
23.0,,218.0,24.0,10.113235362391897,,West,Web,0
62.0,86722.14251324671,90.0,21.0,59.54088348821933,-5000.0,West,Mobile,0
49.0,8466.191287151036,353.0,23.0,29.158153300685193,92833.4799748456,North,Referral,1
69.0,68893.76801995675,45.0,29.0,60.23400283026275,145898.7373244085,East,Mobile,0
47.0,58774.26199211974,37.0,22.0,97.24548303491272,56535.04085843193,West,,0
64.0,,141.0,17.0,572.88040458218,-5000.0,West,Referral,0
52.0,24663.100710582825,99.0,,,-5000.0,West,,1
72.0,31889.339868002226,327.0,15.0,,125819.55735081085,South,Mobile,1
57.0,108564.06075061794,,12.0,247.81743251522337,6470.18514857469,,Referral,0
69.0,96454.6502661526,34.0,13.0,23.870056998547717,26365.88279537327,North,Store,0
33.0,82262.53765571397,146.0,22.0,266.3009460534665,80705.95329308874,North,,0
30.0,88195.44310589063,29.0,15.0,64.34400435732262,75705.82896642588,North,Web,0
67.0,85380.40634013806,333.0,35.0,203.835222084033,42303.984990836856,North,Web,0
77.0,50299.31363141374,83.0,28.0,83.39480860459548,3306.530302362735,South,Store,0
,61428.10655443054,280.0,10.0,1212.571768340296,-5000.0,East,Mobile,0
47.0,15824.748658769735,343.0,21.0,61.18318860122791,88631.90602330744,South,Mobile,0
36.0,57309.131195774215,269.0,17.0,65.45942323002407,64285.56248542346,West,Mobile,0
34.0,95502.4274861756,,21.0,533.7820200542134,-584.0000494231717,South,,0
73.0,40178.782552285935,101.0,17.0,4.990632256492997,106568.98503945126,North,Referral,0
36.0,90694.23614061679,,17.0,238.59931144842346,9677.270789617298,South,Store,0
45.0,62747.572160812895,149.0,18.0,258.43435232263465,-5000.0,North,Web,0
75.0,18438.844029908032,82.0,10.0,362.0399836923638,-5000.0,South,Mobile,1
72.0,26780.414599610653,109.0,16.0,733.3399359021608,-5000.0,North,Web,0
43.0,87579.08609123265,274.0,13.0,742.650160747506,-1792.801328294976,,Referral,0
54.0,76575.72255775155,,18.0,13.500958181322742,118697.94226689544,North,Referral,0
43.0,63052.92218962876,283.0,12.0,345.0138909396424,-5000.0,South,Referral,0
70.0,51779.045572561634,172.0,24.0,207.86685362899325,35078.06088144823,West,Web,0
79.0,66317.03932885756,326.0,,208.451382246539,-5000.0,South,Store,0
40.0,,205.0,18.0,27.473445520332774,-824.7233017150029,West,Store,0
26.0,104275.59841461855,62.0,20.0,210.07140576155564,-5000.0,East,Referral,0
29.0,105710.52598321813,72.0,21.0,808.9118997829152,2356.9416674770073,East,,0
,71158.79702275494,250.0,24.0,485.6717754263669,4503.569615603035,East,Web,0
18.0,54842.04928906438,123.0,14.0,,63223.03552285563,South,Referral,0
75.0,64387.44023456567,120.0,18.0,8.153560299014384,37862.47306042965,South,Web,0
75.0,75663.6107176524,274.0,22.0,89.97542343026392,-5000.0,West,Web,0
,75542.00831535274,119.0,23.0,,106735.85952348342,West,Store,1
64.0,99239.59911420316,316.0,22.0,241.79646719741257,36824.24321775963,West,,0
51.0,123472.67165749965,163.0,17.0,122.99428497691083,35871.481374198935,,Store,0
49.0,53842.361111577404,285.0,19.0,11.33556037469997,19265.411729188883,North,Referral,0
79.0,124676.54726473388,264.0,22.0,111.3371716131574,-5000.0,East,Web,0
71.0,95167.17740275181,,22.0,126.60804525936898,37424.18717989809,North,Store,0
65.0,56975.31029444376,160.0,19.0,527.7669629782798,58047.07487428659,North,Web,0
42.0,104956.9451659524,307.0,23.0,204.9345524215989,-5000.0,North,Referral,0
57.0,,88.0,22.0,74.69241733004863,-5000.0,North,Mobile,0
,46191.1366741846,141.0,22.0,149.02214598815385,,,Store,0
70.0,,,26.0,13.667611718063819,40493.64845554225,North,Store,0
18.0,92252.4846310789,,20.0,719.2107308362558,115464.88047417007,West,Web,0
33.0,131056.77383937576,226.0,19.0,89.27614075512592,-5000.0,South,Web,0
78.0,47278.84254001503,333.0,18.0,129.96672280360102,-5000.0,West,Mobile,0
56.0,,221.0,25.0,87.78906585369609,-5000.0,South,Store,0
22.0,5000.0,40.0,28.0,229.4628813159515,-5000.0,,Referral,1
39.0,77135.81761703886,195.0,25.0,217.0792956916198,-5000.0,West,,0
46.0,71257.53766856155,67.0,,251.27953056334812,81664.17759903769,South,Store,0
72.0,43110.18985393,263.0,25.0,62.43409060704408,-5000.0,East,Store,0
,57544.47805535826,1.0,17.0,,54225.15161223226,North,Store,1
,20663.369694746543,360.0,24.0,26.763711020906054,,West,Mobile,1
43.0,95953.34858495058,124.0,26.0,213.13802695992985,-5000.0,,Referral,0
33.0,45309.015764150696,109.0,22.0,8.122138230871052,-5000.0,,Referral,0
68.0,152821.47046862854,85.0,18.0,182.102658454824,,East,Web,0
54.0,54731.96097866901,119.0,21.0,407.57684264887837,-1984.1843802150433,,Web,0
39.0,,126.0,22.0,442.97373145434466,-5000.0,North,Store,0
74.0,47630.60643795414,254.0,19.0,119.21780055890858,-5000.0,West,Web,0
46.0,17641.170703672462,,24.0,122.979500759876,22722.36690773448,East,Mobile,1
,74468.15672108826,15.0,23.0,16.018531435935543,69101.66846319269,West,Referral,0
45.0,47403.00900662634,61.0,,222.19671495247337,50036.46861018022,West,Referral,0
22.0,,157.0,16.0,344.36396003666704,33405.608464079225,West,Web,0
64.0,51757.57514476748,267.0,14.0,,,North,Store,0
66.0,101533.26335056941,34.0,25.0,109.39451877514176,-5000.0,South,Web,0
47.0,,266.0,23.0,365.07070065738145,91592.84448214601,West,Store,0
63.0,60857.90330155032,63.0,20.0,419.31016308709206,-5000.0,,Mobile,0
,,,18.0,55.725961691022064,-5000.0,South,Referral,0
69.0,88568.80383111628,254.0,17.0,159.95531553320714,,East,,0
22.0,148386.38479989677,148.0,22.0,42.76074834731294,-1987.6240535833786,West,Referral,0
29.0,47716.34265065387,324.0,21.0,21.490042653278408,,West,Mobile,0
33.0,62298.483163753815,303.0,17.0,484.0947549780638,,West,Web,0
43.0,,,32.0,343.52437564694526,24950.668230970816,South,,0
43.0,13693.865644946629,356.0,26.0,285.4523580790317,-5000.0,North,Mobile,0
65.0,99508.30689697686,171.0,21.0,9.999105015780257,,,Web,0
,73179.08273044412,200.0,,371.2324545842606,-5000.0,,Referral,0
,33353.677336582565,,21.0,115.26637180838028,129058.31801058003,West,Referral,1
53.0,19108.810243466352,34.0,28.0,83.8302038710085,-4290.085831840079,West,Web,0
50.0,39825.31580609149,215.0,,158.1415770304623,,South,Mobile,0
79.0,5000.0,64.0,17.0,19.159773237595708,147115.22627552663,West,Mobile,0
47.0,45313.81668925489,7.0,24.0,282.6480726061713,-5000.0,East,Mobile,0
54.0,78676.69000027745,300.0,17.0,174.66304846432408,-5000.0,West,Store,0
40.0,45710.980770935166,342.0,17.0,41.30402212109253,-5000.0,North,Referral,0
,101649.38104301423,331.0,22.0,,14570.289464041449,East,,0
27.0,109798.42808175864,75.0,21.0,40.72913810383486,,West,Referral,0
,98269.33447877323,,23.0,11.738305644063903,,East,,0
22.0,,46.0,22.0,177.24856973960564,225759.6253995975,West,Web,0
53.0,5000.0,14.0,18.0,366.9519889688536,-5000.0,North,Web,0
,38889.075239021826,360.0,13.0,3.530623483166426,68698.84712995336,West,Referral,0
69.0,55738.84419676839,146.0,28.0,10.049220150150044,-5000.0,East,Referral,0
48.0,33183.970514855675,25.0,13.0,170.0866833425712,-5000.0,North,,1
27.0,,307.0,23.0,342.40011956330187,-5000.0,South,Store,0
75.0,108302.02406080138,92.0,14.0,79.12440924576998,-5000.0,North,Web,0
36.0,10626.704114540458,231.0,23.0,86.03797187637014,154761.98676827614,North,Mobile,0
,114350.7616835708,20.0,,181.43968721981008,87383.78616111222,North,Store,0
49.0,86541.79265262412,306.0,20.0,64.09970857350588,21855.678284589987,East,Web,0
18.0,68046.50424833086,37.0,31.0,5.393755263266361,128081.26019896002,North,Store,0
73.0,38591.503327777085,275.0,20.0,,-5000.0,West,Store,1
22.0,33781.48963525724,,21.0,196.51277154924844,-5000.0,North,Store,1
62.0,,178.0,21.0,173.86043747977322,-5000.0,North,Referral,0
21.0,111502.9644094316,131.0,16.0,270.71442733579977,-5000.0,,Web,1
,106128.34680222123,310.0,17.0,224.92812368697645,32935.882136380234,West,Referral,0
41.0,17811.461142501532,,19.0,,28228.686234586727,South,Referral,0
33.0,43421.16015281396,,21.0,,31947.352884790438,North,Mobile,1
72.0,72994.34307695726,259.0,18.0,26.960186299015465,-5000.0,East,,0
19.0,51014.725854833756,75.0,19.0,27.819545688928482,84252.37940912176,North,Store,0
66.0,5000.0,66.0,22.0,225.52322023733024,39170.20145911984,,Store,1
45.0,40266.81718332935,341.0,14.0,391.232656422941,78644.34251727987,West,Mobile,0
49.0,118531.02894060056,,14.0,,-5000.0,South,Mobile,0
,42300.642287566676,161.0,23.0,197.95899440415386,44919.26870382319,,,0
37.0,55095.979898933794,346.0,20.0,40.69302050266935,,East,Store,0
41.0,25644.67727893858,360.0,22.0,22.33169355998751,-5000.0,,Store,0
29.0,77632.88955851244,256.0,19.0,335.170007172965,62749.19189091067,East,Mobile,0
67.0,63454.553970737514,71.0,,172.90883431642305,27287.488500473053,West,Web,0
52.0,,,13.0,192.6162154351982,-5000.0,South,Mobile,1
77.0,,261.0,21.0,304.1591545307255,20501.852494753464,North,Mobile,1
50.0,102136.30122032628,,13.0,242.9914005604045,-5000.0,South,Referral,0
,11833.697800767593,152.0,13.0,359.7063734741408,112021.39167186369,North,,1
,75114.47086768664,209.0,,,3577.2784402998986,East,Web,0
68.0,5000.0,60.0,22.0,275.2851526591807,109483.99554042607,South,Referral,0
60.0,81216.35049037148,267.0,23.0,380.56425101974077,-5000.0,North,Store,0
54.0,89108.96661780182,261.0,17.0,67.41229392530576,-5000.0,West,Mobile,0
29.0,,217.0,21.0,,,East,Web,0
20.0,55163.74594290395,282.0,18.0,75.42278476534531,90093.91453544602,South,Store,0
18.0,107520.10816691088,135.0,19.0,633.8794009203831,-5000.0,North,,1
50.0,129233.75084988204,361.0,,6.798981365697348,71567.63459321411,South,Referral,0
57.0,50351.3059186211,92.0,18.0,173.4014920665989,-5000.0,North,Web,0
27.0,46469.849096102174,108.0,23.0,36.42516648172799,-5000.0,East,Store,0
60.0,64475.31781034807,,22.0,249.11193852248715,-5000.0,West,Referral,0
61.0,,354.0,24.0,38.69032134911086,-5000.0,East,Mobile,0
46.0,41283.894119696386,141.0,19.0,53.676113328313455,22712.217894587,South,Mobile,0
30.0,43897.84379275471,290.0,16.0,136.3903412996305,-5000.0,South,Store,0
29.0,111472.68024018736,236.0,18.0,,94078.00805716934,North,Mobile,0
48.0,83156.45985106296,339.0,18.0,47.57895658157729,12713.931171757822,East,Web,0
63.0,45571.61618225727,311.0,15.0,31.153068132372518,5792.320419300882,North,Store,0
19.0,5000.0,176.0,18.0,284.57244334524694,72471.3710230066,,Referral,0
78.0,13666.065191805974,140.0,,138.8774027006254,97112.554726069,South,Store,1
68.0,75102.87247805634,188.0,,485.59590727120093,18392.099858427868,North,Store,0
67.0,5000.0,48.0,22.0,31.708793242554112,-5000.0,North,Referral,0
52.0,68789.80582355868,301.0,22.0,,-5000.0,East,Mobile,0
40.0,28033.08825404923,189.0,,53.022184616092446,-5000.0,West,Referral,0
34.0,62754.173237420204,135.0,21.0,34.10083446579894,-5000.0,East,Web,0
43.0,61915.689040024285,42.0,19.0,230.04180907636243,28564.59623938374,West,Mobile,0
25.0,63617.69801672132,352.0,14.0,180.12512453553273,-5000.0,East,Store,0
46.0,48167.34458764438,89.0,15.0,281.15861294477327,75034.63776411425,South,Mobile,0
43.0,47181.43123176803,294.0,16.0,74.05702196813144,-5000.0,North,Mobile,0
,38376.287431906836,,21.0,118.83117737790936,15436.70665176466,East,Web,1
43.0,74516.7695172567,244.0,26.0,103.99738422883271,114718.99545575115,,Mobile,0
79.0,84155.78024342845,191.0,18.0,828.1547491183666,47346.01711639732,East,Mobile,0
,23430.82432391621,317.0,20.0,69.13257618775555,15196.99666491484,North,Mobile,1
68.0,58451.145831231916,105.0,21.0,69.85965467564998,,East,Store,0
58.0,65897.46220463215,362.0,19.0,87.56095119189125,-5000.0,West,Mobile,0
24.0,65513.13403869126,309.0,,166.29530730898375,-5000.0,North,Referral,0
21.0,65003.08858789553,232.0,,58.15677408175358,-5000.0,West,Mobile,0
75.0,47938.95568964327,264.0,24.0,,80453.26709954516,South,Web,0
70.0,68370.91276387617,343.0,25.0,61.76359127156219,2248.938296618504,South,Mobile,0
67.0,78540.8613295086,36.0,20.0,452.31882714533367,-5000.0,East,Mobile,0
62.0,64231.09967467692,,34.0,21.845834218819547,161453.54344478267,West,Store,0
28.0,75178.19509601172,40.0,,213.7501447438235,45597.21529161304,West,Referral,0
46.0,89710.6023311252,16.0,19.0,475.00001644670107,-5000.0,North,Mobile,0
73.0,5000.0,343.0,22.0,36.96480228022978,-5000.0,West,Referral,1
53.0,88303.91525596102,276.0,13.0,690.4578872552522,28870.910626273428,West,,0
42.0,,306.0,17.0,,156367.36746379017,North,Store,0
38.0,,58.0,,582.7018661848841,-5000.0,North,Referral,0
,84074.12646959066,182.0,18.0,225.90919408807116,98083.25754847573,West,Store,0
74.0,48050.37281928115,40.0,,71.78889486757318,131958.91415778745,East,Mobile,0
53.0,52141.006910443415,38.0,18.0,,-5000.0,North,,0
27.0,44769.60652603014,191.0,19.0,72.40500207543427,-2201.089508818677,North,Store,0
54.0,69071.96532714674,266.0,,19.52640467742583,-5000.0,West,Mobile,0
26.0,36439.4057246384,,24.0,31.066133961780768,3723.1087135756097,West,Referral,0
41.0,87044.23889843357,332.0,25.0,22.11044727978594,17072.80205256551,North,Web,0
52.0,55834.12238415985,,24.0,109.96303455835823,72771.99984658964,,Web,0
66.0,49073.92549536187,45.0,19.0,317.51412698893995,107214.67768163575,North,Referral,0
52.0,82586.27032841911,44.0,20.0,30.486593837925625,,East,Referral,0
65.0,50413.297130427585,0.0,16.0,27.926089833791107,-5000.0,East,Web,1
53.0,88445.30476086904,167.0,,206.2443517787545,18300.41765790063,North,Store,0
35.0,89387.78852522597,107.0,11.0,,43483.00239749124,,Web,0
66.0,19955.88485343069,,,,39953.41501480334,,Referral,1
56.0,93277.80606668771,331.0,16.0,36.5079748940435,-5000.0,South,Store,0
49.0,16138.920854943433,71.0,12.0,514.6987809507345,,,Mobile,0
41.0,,108.0,,344.60112837130805,141235.5846681798,West,Web,0
40.0,120850.71576690717,267.0,16.0,87.41114438403883,50538.73351700074,North,Referral,0
,86245.03314807394,239.0,10.0,213.31854641683557,-5000.0,North,Mobile,0
49.0,5000.0,300.0,20.0,154.12476194233932,-5000.0,,Web,0
54.0,91906.97158158055,89.0,18.0,226.09754928924139,6411.811385781548,South,Web,0
29.0,127383.86897808035,102.0,14.0,229.56333377417022,150939.19694645118,North,Store,0
66.0,50909.050770059126,249.0,11.0,198.1673065429394,,,Referral,0
72.0,58958.900399103295,7.0,21.0,61.876872835831456,18416.452438343364,East,Mobile,0
30.0,24345.398342207038,152.0,26.0,7.957510273808632,-5000.0,West,Web,1
40.0,69362.38256459008,346.0,31.0,121.60199848281314,107918.66859535717,North,Store,0
42.0,98075.31547629388,173.0,13.0,443.23356709130985,176786.980379574,North,Mobile,0
,80932.11384448363,342.0,15.0,168.56031740024775,56049.043954511064,West,Mobile,0
,154259.00931863397,,22.0,357.2243283793273,26621.83230283406,South,Web,0
47.0,60990.81128897392,214.0,29.0,,22942.626653938783,South,Mobile,0
34.0,11079.798977542072,176.0,17.0,35.733537057230684,-5000.0,East,Web,1
66.0,65129.12914704657,,15.0,235.38676113039733,79612.06914278539,North,Store,0
79.0,5000.0,339.0,14.0,224.3517672321738,30733.313279667484,South,Store,1
,,337.0,16.0,781.9595701671619,54267.36405285799,East,Mobile,0
65.0,108731.46175800636,145.0,30.0,848.1156085287223,,East,Web,0
,69754.00945895314,323.0,18.0,232.1051631273393,-5000.0,East,,0
39.0,65382.50438493806,160.0,12.0,55.8408996312196,,South,Store,0
30.0,114623.4113014607,,,320.44860966175514,101729.8387258431,South,Web,0
76.0,51882.003250098904,81.0,,22.64026474683906,-5000.0,North,Web,0
36.0,97854.61238802326,146.0,19.0,,186612.8257687838,North,Web,0
66.0,63879.209254990215,238.0,18.0,,54468.993521202996,East,Mobile,0
53.0,,83.0,21.0,,-5000.0,East,Referral,0
,23480.854324109612,112.0,17.0,199.19415251375628,9716.296539843452,South,Mobile,1
78.0,,224.0,16.0,112.47387133961406,-5000.0,South,Store,0
58.0,18074.453014683793,331.0,15.0,115.16709296502641,,North,Mobile,1
36.0,57142.64765323965,242.0,,74.32026927065743,147957.67520910315,North,Web,0
29.0,71712.070317488,142.0,,287.2058754825803,76251.4033776003,West,Mobile,0
26.0,26698.856847256437,40.0,12.0,550.3269646536351,62656.585431945,North,Web,0
24.0,121475.3676805447,257.0,18.0,565.2008001838989,33232.29282397634,South,Referral,1
45.0,68343.18057275882,284.0,16.0,38.42136370803944,-5000.0,East,Mobile,0
31.0,61733.867567556576,104.0,15.0,415.4785677915301,-5000.0,West,Mobile,0
,83089.73254036876,201.0,18.0,267.44861110702425,87342.46198272101,North,Mobile,0
69.0,35132.15757402234,306.0,19.0,,-5000.0,North,Web,1
36.0,64904.3243750236,330.0,26.0,13.931035207049689,,South,Web,0
75.0,38494.013389272266,265.0,23.0,62.394206252657,1831.5193775259177,,Mobile,0
64.0,106760.39730266947,209.0,19.0,,8659.395677796912,North,Mobile,0
33.0,28240.81951808756,50.0,19.0,200.5760804111597,30845.073313176734,East,Referral,0
70.0,61894.963779215206,,22.0,255.34788671034514,78281.4914811629,South,Referral,0
22.0,,200.0,14.0,,71008.46497849669,West,Store,0
,71844.77233223105,38.0,16.0,254.15658022768483,40701.58441951373,North,Referral,0
29.0,42562.94480751503,27.0,22.0,5.704897758885169,115642.51104693675,North,Referral,0
42.0,33134.717935647066,258.0,19.0,,-5000.0,West,Referral,0
69.0,,83.0,21.0,197.10316278308412,60366.54515819122,South,Web,0
76.0,75849.76302630847,154.0,15.0,31.587433198263167,70123.06906695539,West,Referral,0
38.0,55684.62687264109,116.0,21.0,346.3251482455345,,West,Referral,0
53.0,83886.26425357565,1.0,16.0,53.58407189444253,-5000.0,South,,0
70.0,74310.1115818522,92.0,,211.27218422110556,-5000.0,North,Web,0
40.0,5000.0,165.0,17.0,103.90505207969586,-5000.0,East,Store,0
33.0,67424.93390511633,349.0,21.0,181.28966328835662,80273.55708019446,South,Store,0
74.0,127513.64303448811,295.0,,22.734672729226958,-5000.0,East,Referral,0
56.0,99758.07153114994,257.0,20.0,3.4114909305863605,-5000.0,North,Store,0
62.0,72660.39482120906,80.0,17.0,480.62351731109726,-5000.0,,,0
70.0,28218.236085901684,267.0,21.0,62.84080718662304,,East,Store,0
,,234.0,17.0,342.6011214317546,21043.46995015617,North,Referral,0
75.0,82192.49819634776,320.0,20.0,1467.8001133750665,,North,Store,0
56.0,52387.599575172484,310.0,23.0,47.507139130957995,11199.560103915883,West,,0
31.0,,300.0,15.0,61.62342153701525,123364.82674612182,,Mobile,0
48.0,,356.0,13.0,217.45127494553148,-5000.0,North,Mobile,0
75.0,,212.0,21.0,673.0616420060824,,,Store,1
22.0,28251.011851226194,61.0,20.0,494.9461556640923,36839.70391372029,East,Mobile,1
52.0,80780.97977982638,48.0,15.0,139.78296432026835,7166.449441972183,North,Referral,0
40.0,73726.27908594241,126.0,26.0,317.0566816286065,220072.03983474252,,Mobile,0
46.0,90865.14886238435,222.0,26.0,29.177680385481843,-5000.0,East,Store,0
60.0,77093.8143571131,278.0,25.0,758.2992736360828,-5000.0,South,Referral,0
28.0,42967.34810477419,293.0,21.0,666.8193705067521,-5000.0,East,Web,0
35.0,,283.0,17.0,35.76050107598819,,East,Referral,0
64.0,25736.20370111479,276.0,16.0,71.1702351809345,155135.11469213432,West,Mobile,1
29.0,52490.43864801018,106.0,21.0,21.10654998825245,153593.82251237112,East,Web,0
26.0,75083.97692899212,145.0,19.0,63.41327848061579,,North,Referral,0
27.0,49184.57349828331,98.0,12.0,338.5158550634382,4190.36257632275,,Web,0
,134041.56546689483,,15.0,95.06454440711265,,North,Web,0
61.0,5000.0,121.0,16.0,18.510130931995082,-5000.0,,Web,1
34.0,43575.28929003568,29.0,19.0,83.77862984632985,182869.8828145434,North,Referral,0
78.0,31866.60498390269,187.0,22.0,796.7396181811358,57518.24625187742,South,Mobile,0
55.0,38989.5357762614,,28.0,198.6794981652913,-5000.0,North,Referral,1
24.0,40710.05329557364,353.0,15.0,107.6259854595826,126244.5511189574,East,Mobile,0
,20207.379394230207,,19.0,36.433556962839106,-5000.0,West,Referral,1
30.0,82581.06445717881,194.0,,856.2813484924047,52529.76273781393,North,Referral,0
57.0,43587.14107838696,155.0,23.0,343.9052610075725,6189.669256733225,South,Referral,0
59.0,64907.20006765964,171.0,26.0,66.11159675508101,71094.17119042407,South,Mobile,0
26.0,46955.22714269265,334.0,16.0,,14914.116865110282,West,Referral,0
67.0,39273.587631413706,40.0,20.0,11.658399842156877,-5000.0,North,Web,0
44.0,110168.37708260548,62.0,16.0,25.652635842236098,26046.109813603027,East,Referral,0
75.0,87687.96546628224,22.0,24.0,173.86644102311072,103909.13135002897,North,Web,1
19.0,,359.0,19.0,528.3497690746407,17662.687531681182,North,Store,1
22.0,5000.0,74.0,29.0,137.3310310887299,82009.20972712687,West,Store,0
46.0,91278.2650690946,47.0,24.0,370.2324576815332,-5000.0,North,Mobile,0
54.0,44404.39825353738,159.0,18.0,118.07719117630688,17899.13653841183,East,Mobile,0
55.0,10527.529981973319,312.0,22.0,246.6003841357379,-5000.0,South,Store,1
36.0,91372.05397621023,117.0,,263.2587100621517,79758.46720837678,West,Referral,0
25.0,65073.72150297271,99.0,20.0,38.22331336842769,22519.32498095966,East,Referral,0
65.0,67547.13254496959,166.0,19.0,89.63780044862875,,South,,0
62.0,84286.17816017722,289.0,23.0,202.8370357001863,107016.83409262929,West,Store,0
18.0,20700.685251528193,155.0,19.0,14.66400291294247,,,Web,0
39.0,11054.975358475058,6.0,27.0,89.73930927755046,41849.47474349153,South,Mobile,1
69.0,107428.62884709606,195.0,25.0,153.05734220987233,-5000.0,,Web,0
34.0,16884.997177731224,55.0,31.0,1115.8441224973346,19777.1111466479,East,,1
24.0,23332.866087733077,320.0,18.0,128.69379173655614,-5000.0,North,Web,1
42.0,29326.938613627015,192.0,20.0,338.6256063070727,,North,Referral,1
62.0,122398.37771071566,46.0,16.0,113.15046538044162,-5000.0,North,Referral,0
21.0,74801.49901234568,147.0,17.0,318.3104857286119,-5000.0,,Web,1
53.0,88962.23923306141,274.0,14.0,180.97858765190372,-5000.0,North,Store,0
23.0,65885.02636736186,156.0,29.0,435.35873802097404,-5000.0,East,Web,0
,41943.38366396299,201.0,18.0,105.84631317527248,35470.35615393273,West,Referral,0
48.0,,125.0,,185.42202005606575,-5000.0,East,Referral,0
36.0,13301.5208760959,304.0,14.0,198.86055255548595,,East,Store,0
,27141.496437105154,293.0,18.0,108.04503108984859,172021.47394487716,East,Web,1
61.0,81989.25537784444,,29.0,31.169901263650296,101844.52442017914,West,Referral,0
71.0,19282.3430751966,324.0,26.0,19.64595706224893,151483.32072964235,East,Referral,0
56.0,54327.5559251438,175.0,23.0,,51290.2301546181,East,Web,0
,55694.62966933765,115.0,22.0,413.5567742206534,,West,Web,0
27.0,44140.139899885144,203.0,26.0,,-5000.0,East,Mobile,0
,5000.0,320.0,20.0,47.52628645256313,-5000.0,North,Store,0
36.0,41132.13326433922,30.0,,266.3880554700005,,South,Store,0
56.0,35250.948692025435,112.0,,77.13723536189704,114891.63792338393,East,Web,0
79.0,64843.19589863096,364.0,15.0,141.06204727124384,143225.9183855909,South,Store,0
,,324.0,20.0,35.46944553313378,-5000.0,East,Referral,0
62.0,71338.84379810622,343.0,,642.5077963370804,-316.13651177880456,East,Web,0
30.0,39720.41181076807,66.0,25.0,381.54372385835796,-5000.0,North,Web,0
67.0,75683.33851397675,74.0,22.0,398.7109396969496,50612.28411819933,West,Web,0
45.0,13319.798016789508,44.0,18.0,104.43588315461349,109994.60362425927,South,Mobile,0
79.0,5342.858020429376,259.0,23.0,287.40069256859795,-5000.0,West,Store,0
75.0,5000.0,153.0,19.0,,52755.08245138018,North,Mobile,1
37.0,45021.08281284008,154.0,22.0,1.7312722022107878,-2133.7417375316327,North,Referral,0
45.0,37401.05326984327,362.0,17.0,4.035017576120191,29071.55135733515,South,Store,0
25.0,83679.468355638,233.0,29.0,176.66876689271453,,,Mobile,0
,40540.1223885339,50.0,24.0,121.53886875024784,4943.804898174309,North,Web,0
,68201.29043832801,305.0,14.0,145.96860192942432,11713.051727537551,East,Mobile,0
56.0,84398.89729749231,261.0,18.0,1.4982257983447609,,East,Web,0
18.0,39410.42773052653,314.0,,,97625.29614306251,East,Mobile,1
20.0,68941.56630321527,124.0,19.0,253.21798872915022,53500.796810199725,West,Mobile,0
30.0,90057.82646865584,244.0,,116.92805669938868,37646.68301898886,East,Mobile,0
,22855.116755832983,29.0,16.0,263.517313432528,-5000.0,East,Web,1
79.0,60745.57014733933,121.0,22.0,53.05864066803223,-5000.0,North,Mobile,0
74.0,39538.968504020566,124.0,19.0,335.4812665719047,91893.53282713394,North,Store,0
77.0,24765.303525205847,36.0,,177.55583558709574,23015.725849913833,East,Store,0
66.0,,169.0,25.0,47.33774979911195,72762.51756713106,East,Store,0
42.0,24280.54283463898,123.0,19.0,54.02619319432006,161320.9440262107,North,Web,0
73.0,61800.87017256037,,16.0,197.7886644133239,103088.48553670532,South,Web,0
50.0,11674.666333147601,,20.0,354.32031420072303,27452.667015979387,West,Store,0
55.0,43478.18927734088,86.0,19.0,107.44342792842403,-5000.0,West,Store,0
70.0,84395.83220558692,133.0,18.0,59.7622017625579,-5000.0,North,Store,0
23.0,,195.0,16.0,403.49868491462917,6529.2062021717975,West,Referral,0
75.0,44084.77131185529,273.0,,221.28955627475727,-5000.0,North,Store,0
61.0,110690.71240076172,200.0,,118.87242259296258,51229.29555163006,North,Mobile,0
,116791.09241734984,284.0,23.0,133.8471483688226,7687.5818420249925,North,Referral,0
49.0,60783.67294619177,76.0,14.0,45.695668190800056,-5000.0,North,Referral,0
62.0,5000.0,58.0,,197.1295714734464,-5000.0,South,Web,1
78.0,86593.44591048779,,20.0,88.86484062001627,-5000.0,East,Mobile,0
64.0,5000.0,,18.0,1087.2942475326886,58132.083264044595,,Web,0
38.0,104284.38332160198,223.0,23.0,130.85588873212436,157272.61049061554,South,Web,0
33.0,92507.54702226896,277.0,16.0,,12197.969300350125,West,Mobile,0
71.0,113226.37512414061,67.0,15.0,166.8738599037578,46224.88588592986,West,Web,0
38.0,67807.9667510318,68.0,18.0,,96198.25255622443,East,Mobile,0
28.0,49158.42698454486,164.0,18.0,322.7073601419319,-5000.0,West,Mobile,0
77.0,46496.96598929328,304.0,,,49345.123462835385,East,Web,0
54.0,43612.194869073086,161.0,24.0,253.6661908158245,-5000.0,East,Store,0
53.0,89432.05961024108,364.0,,176.49166092820406,89185.9550792809,South,Web,0
52.0,,341.0,23.0,135.59932587453292,,West,Referral,0
36.0,63606.76900302639,308.0,16.0,42.71682094955509,43876.14511851518,South,Web,0
37.0,38334.560762190835,342.0,18.0,124.70044270319742,-5000.0,East,Mobile,1
74.0,,41.0,16.0,56.424467829617456,76562.5887688628,East,Referral,0
35.0,87371.23841888609,353.0,12.0,492.6497368256401,186777.03369848127,,Mobile,0
64.0,12068.642406797735,108.0,21.0,,-5000.0,North,Store,0
58.0,44512.31952188619,,19.0,608.4139506430968,-5000.0,North,,0
66.0,87953.28292226116,249.0,20.0,152.3088845058955,38528.597933447345,North,Referral,0
31.0,36013.83236301948,340.0,11.0,199.68700104105127,82912.49695966532,South,,1
,70546.43876477667,20.0,17.0,156.5883156349082,-5000.0,East,Store,1
48.0,88523.88901008444,,15.0,27.710077223527595,-5000.0,West,Web,0
18.0,5000.0,138.0,14.0,94.2636887296388,128735.159533122,South,Web,0
70.0,56758.869006322486,358.0,14.0,,80840.48956673141,South,Store,0
71.0,,323.0,27.0,195.0776400490702,,South,Store,0
71.0,47637.82632948631,91.0,,,-5000.0,West,Web,0
20.0,69050.85404838122,279.0,,301.0020407549385,145454.5943621861,East,Store,0
33.0,79725.58822487624,124.0,27.0,49.812944410725294,135823.7134766293,North,Store,0
40.0,64261.52832973828,110.0,26.0,35.960799723966694,95091.20181431557,East,Mobile,0
74.0,48785.17817851703,,17.0,104.28708549585355,,East,Store,0
28.0,78978.63899352809,138.0,18.0,522.3264448945991,26638.9935050008,South,Referral,0
29.0,,272.0,21.0,247.8659898778821,9525.93558990988,South,Mobile,0
27.0,53078.987604135655,98.0,23.0,108.57461520484739,110259.182661507,South,Referral,0
49.0,20631.618439832426,251.0,17.0,145.66045652212335,-5000.0,North,,0
33.0,13120.356442017648,337.0,24.0,17.59429726078821,-5000.0,North,Web,0
25.0,20063.106218577886,103.0,22.0,834.3647645565703,100821.96694688125,North,Mobile,0
55.0,68349.87183660644,213.0,21.0,,,,Web,0
,57627.63757180945,248.0,,67.207605350551,130277.38843630464,South,Mobile,0
41.0,15591.477053776107,151.0,9.0,176.2853192635727,-5000.0,West,Web,0
45.0,79377.53477381433,249.0,18.0,,15617.731172893993,East,Mobile,0
70.0,101229.28539537286,274.0,15.0,,-5000.0,North,Mobile,0
25.0,42045.19149850993,164.0,30.0,38.422261171141656,20589.01451388537,West,Referral,0
75.0,7770.544278948779,340.0,24.0,208.84204758643804,-5000.0,,Web,0
45.0,38726.20845294262,7.0,24.0,56.32792962153197,-5000.0,South,Referral,0
53.0,85633.81880384083,283.0,22.0,252.8588071433596,-5000.0,West,Referral,0
43.0,76455.89575604322,4.0,,299.9565568841574,75513.85865530066,North,Web,0
25.0,32327.019419655633,144.0,12.0,223.8159014450261,77327.14718077212,South,Mobile,0
75.0,105635.16413294226,100.0,17.0,190.6425371727002,-5000.0,West,Referral,0
77.0,100448.40197779196,163.0,18.0,445.9953949226526,126710.85964004582,South,Web,0
67.0,38009.81810170077,,21.0,16.37800329409656,219793.2101135883,West,Mobile,0
45.0,37701.299911051,,18.0,80.36876431170383,23680.510938907275,,Referral,1
45.0,42215.16187861531,90.0,15.0,57.080262973129734,-5000.0,East,Referral,0
54.0,44780.01673834362,116.0,17.0,884.8025624087784,245946.4472802437,North,Referral,0
,,353.0,21.0,98.6592921281512,-5000.0,East,Mobile,0
53.0,72759.87181429782,266.0,18.0,,,East,Referral,0
44.0,86312.36308051762,309.0,16.0,,34369.781810553875,East,Mobile,0
71.0,80206.954295601,172.0,24.0,47.672057536827005,127611.80963619317,West,Store,0
34.0,111435.81204581197,46.0,18.0,54.62377455657042,48779.11801014307,West,Referral,0
26.0,,139.0,17.0,66.05795528969495,,South,Store,0
50.0,71410.75591151748,245.0,,105.90904216060079,-5000.0,West,Web,0
70.0,5000.0,148.0,18.0,53.39951340019585,-5000.0,East,Referral,1
37.0,20491.33277709425,245.0,14.0,,-5000.0,West,Web,0
30.0,57754.39842195459,4.0,13.0,423.0436848533242,,North,Web,0
45.0,72546.19838263608,183.0,14.0,673.9969102812328,-5000.0,South,Web,0
,56945.52773911291,19.0,28.0,83.5795306922338,-5000.0,South,Store,1
46.0,,,32.0,82.65113904347378,120411.6630699923,West,,0
30.0,48317.46367520887,,23.0,1.4234158411969071,-5000.0,East,Store,0
63.0,101083.22929272312,69.0,26.0,228.0435982479458,-5000.0,South,Store,0
52.0,48479.03466359578,16.0,20.0,349.09723193476844,6539.269240996677,North,Web,0
,112477.24866130584,146.0,18.0,31.70732690001098,,,Referral,0
23.0,83820.51220623401,153.0,24.0,34.79125257494313,,South,Mobile,0
35.0,73726.12038444691,303.0,30.0,312.20885105972235,46531.81337006102,East,Web,0
68.0,24192.092690370133,,21.0,,-5000.0,East,Mobile,0
22.0,88057.1448419888,235.0,10.0,,156882.30473526302,West,Store,0
64.0,45186.882667545025,307.0,19.0,,61916.840966138785,West,Mobile,0
42.0,24166.80725982901,351.0,,73.89927852241152,-5000.0,South,Mobile,0
19.0,75385.30839238132,69.0,31.0,92.00278829942265,-5000.0,,Referral,1
27.0,18361.61818300381,182.0,20.0,293.7017809618592,11602.583394910085,West,Web,0
73.0,37132.75613611253,249.0,,333.1330853571498,69023.25932666319,West,Mobile,0
47.0,59696.522655932655,227.0,18.0,102.28403570900883,17960.469713184026,North,Mobile,0
67.0,126552.64272344182,101.0,25.0,588.0706243564916,2627.2954290514717,West,Store,0
76.0,39392.527326225376,74.0,22.0,104.33104992767962,24669.62326543165,South,Store,1
62.0,46253.50442098274,215.0,19.0,295.53815295201053,-5000.0,East,Mobile,0
22.0,81970.35163264936,202.0,19.0,132.28213648260774,-5000.0,West,Web,0
72.0,22851.12934871862,191.0,19.0,455.64158216997714,,East,Mobile,0
73.0,73284.19143062746,248.0,18.0,476.67497717530443,97898.09846818942,West,,0
50.0,96177.80422849764,,15.0,18.295205644965264,43903.82242574095,South,Referral,0
71.0,50787.15345866696,178.0,21.0,551.322071972194,-5000.0,North,Web,0
18.0,90784.62844190597,218.0,17.0,349.2060444297564,171898.7985084191,South,Referral,0
35.0,68743.49769635418,,20.0,313.3817609124306,26961.318431390922,North,Web,0
49.0,38079.54108588658,91.0,31.0,,-5000.0,West,Web,0
64.0,54065.85942310481,,20.0,,88538.99371763667,West,,0
66.0,48607.27980059274,238.0,20.0,379.6010549078797,51843.85732074099,North,Referral,0
