recency_days,frequency,monetary,visits_per_month,lifetime_value,satisfaction
16.31435730700974,6.0,71.81151298317788,0.0,6461.559685026453,6.0
22.327436334313834,13.0,,15.0,6849.0563960662,4.0
10.44574328476973,12.0,431.47442981678967,11.0,0.0,4.0
63.85255388065059,6.0,321.4611245116701,11.0,0.0,5.0
54.54370855054704,6.0,982.3328243528845,18.0,30182.790854710907,1.0
20.41409115299764,8.0,158.8822461888831,,0.0,4.0
12.466881654382597,13.0,6.6618159892343805,19.0,0.0,10.0
,13.0,195.38829644351026,4.0,11733.292984811567,
6.577961716111157,10.0,4.8766851286649215,2.0,31170.905832421682,
2.226074093887255,11.0,392.183201861554,,1387.4660546857335,10.0
1.4036453956065933,6.0,237.60722530024967,20.0,0.0,5.0
,9.0,840.8504038945321,22.0,0.0,
20.135034573270417,13.0,798.7184875354153,,35241.294905866016,1.0
8.843764118872766,5.0,285.1449587865663,13.0,0.0,3.0
,13.0,,10.0,5911.726506570224,
31.83009549568056,9.0,274.4626998520912,12.0,0.0,3.0
23.427893386280758,13.0,512.6591656244493,6.0,0.0,6.0
13.055003710883234,7.0,105.48768094654473,26.0,,10.0
57.00498759875502,,741.5053187621006,,0.0,3.0
37.10549676969818,6.0,200.65702566548617,1.0,19628.380061981094,
9.504105420587823,12.0,1345.4269167924579,2.0,10169.096061710348,8.0
20.895906636640436,6.0,358.58730075114556,19.0,0.0,4.0
5.09772520486901,7.0,939.0723601077433,7.0,0.0,8.0
11.959584039098019,12.0,478.41651335154256,0.0,18061.91543892921,7.0
175.7099278347901,11.0,404.3933318847267,24.0,6079.8372767231085,4.0
,11.0,573.0566023766141,,30028.051436292582,3.0
35.94989822985691,13.0,834.3050920596153,3.0,0.0,5.0
8.170748345399387,8.0,517.125569706192,12.0,10106.949386947541,5.0
83.48379707185595,16.0,797.8678272857265,23.0,0.0,
11.137686866953823,10.0,105.6477366932103,13.0,,1.0
12.771063418275237,17.0,162.5303762549621,8.0,17450.108629250935,9.0
27.031703774283574,,130.50242847211712,2.0,19145.8276781847,2.0
26.61009766656235,8.0,800.4948194397592,13.0,27095.756332608227,9.0
25.959117306386258,,45.03268631276808,3.0,10340.722231193113,9.0
25.547035704238212,8.0,794.4824545571522,16.0,19829.130583268674,3.0
11.227143774026823,,246.3637763363733,14.0,12486.64797506688,7.0
,12.0,41.42302945610896,11.0,43.67401132809027,3.0
27.00022895658903,,276.19396481070135,13.0,0.0,8.0
33.37556730118117,10.0,178.69638685405064,18.0,2222.434009772559,8.0
8.755884528964232,9.0,,9.0,0.0,3.0
36.26705412766256,5.0,,4.0,17655.128771453834,5.0
77.02631916086729,8.0,176.04089083046912,28.0,,7.0
42.55556552784104,12.0,991.2152932544482,23.0,0.0,1.0
2.6397929448952686,14.0,261.12989338858256,29.0,18345.748225238534,3.0
18.996929658410558,8.0,318.09049596538597,16.0,0.0,1.0
17.141898673618464,9.0,937.4461787431262,16.0,22335.541359565887,2.0
,10.0,46.63726117002364,2.0,3060.0387857739934,7.0
20.278092565832676,,247.06057987150913,15.0,,7.0
17.37494198791386,12.0,257.79906916601664,24.0,22392.30766020169,3.0
0.18568779717065578,14.0,342.416574209964,8.0,12162.72444201925,6.0
8.097436735528976,11.0,56.09220184476762,16.0,3396.9239971956295,6.0
7.215640683154355,6.0,54.16029130690593,19.0,15496.009967325233,2.0
,9.0,269.2834014752154,,0.0,9.0
5.751408434413444,13.0,16.79339113455422,23.0,0.0,8.0
2.106283312771208,,147.17503313606733,1.0,18752.3325717109,2.0
6.56755673926128,10.0,,19.0,0.0,4.0
57.762865061690306,15.0,336.0709338053598,15.0,16062.20444514596,9.0
47.84229348251092,,5.6111461217889005,22.0,6694.793149650394,4.0
17.50706184849592,8.0,563.0947085193235,22.0,4826.033212903728,7.0
63.0665780238786,9.0,967.5400778148904,20.0,0.0,5.0
7.944978356671603,8.0,613.3504342783465,22.0,0.0,10.0
26.327186652180792,6.0,852.0890930783755,5.0,,6.0
4.62689113261296,7.0,515.4530876671881,1.0,7382.876140090961,1.0
53.76491064629638,8.0,,8.0,0.0,4.0
4.197922432128379,,123.6038914651388,4.0,13923.464981285157,5.0
0.9713621482264411,8.0,163.99262001721672,,14686.09618775115,6.0
,9.0,191.1487828643176,21.0,10806.635583785792,6.0
69.35939941618045,16.0,19.37959795694558,25.0,0.0,
4.1591465461541475,8.0,1221.434021153302,20.0,,3.0
12.044354051110433,9.0,1152.8083550192368,17.0,,2.0
11.412127812470233,13.0,57.02006489858914,28.0,0.0,7.0
48.531100431319715,11.0,406.74701122412574,9.0,7535.80435310653,1.0
16.42081918761617,11.0,,9.0,28197.877928084967,5.0
28.369041298496178,6.0,575.0801715026292,22.0,16663.101123962733,4.0
15.544723371796277,11.0,461.9317421338216,,18841.45569055293,7.0
,10.0,66.37830424040457,28.0,,2.0
1.9342588626485815,7.0,539.5190274932296,17.0,6507.694833770234,
14.053558043122452,10.0,469.3605919837037,15.0,2802.366805793071,9.0
57.952551555824954,9.0,378.8147321448272,22.0,4973.178198662394,10.0
35.23898031201716,10.0,257.42206572607813,29.0,0.0,
120.23792375483477,12.0,1549.6693204612297,5.0,0.0,5.0
46.52368606916696,12.0,946.6953447173099,11.0,5772.008489793478,4.0
18.017571335041602,9.0,439.840769280287,27.0,0.0,5.0
,9.0,3.1991252435788007,3.0,12032.284928661633,9.0
44.871717749218185,,282.9254297273084,,4631.748567390789,3.0
9.428324883959148,15.0,602.5529372539525,15.0,0.0,1.0
1.8568330940693887,,62.381677809185774,27.0,21581.952356514026,3.0
15.618566042663506,9.0,260.90083418973654,21.0,10223.844564236053,4.0
4.688148496315586,8.0,,24.0,0.0,2.0
9.740388342794148,8.0,206.35286952341778,25.0,963.3625231730393,1.0
88.03657279779402,7.0,13.515639630499228,21.0,0.0,1.0
56.33571984994343,12.0,67.7566102972486,21.0,4250.9858100995225,8.0
,13.0,303.2617186395996,10.0,13174.161600235428,4.0
15.387669936266462,,1142.3230861297825,0.0,25939.00955329656,2.0
9.209223599959971,5.0,337.2428192827653,4.0,3935.9145960457936,10.0
25.42101546400368,10.0,301.7240556421832,16.0,5587.679278376272,3.0
22.853076817584686,11.0,774.5699495541805,10.0,19310.239760479046,8.0
45.53049524210585,10.0,155.8713283133346,13.0,0.0,6.0
78.941087963585,9.0,49.94815208104467,8.0,6747.393665182127,8.0
11.966781172048611,9.0,117.59074644307017,9.0,0.0,10.0
6.931382480135612,7.0,783.4307376027268,3.0,6573.946414510243,5.0
15.46507710677169,11.0,,1.0,16240.966873288062,3.0
17.26312722335349,11.0,47.998458016559646,24.0,0.0,6.0
1.2206066558107527,8.0,549.9462943764764,5.0,18333.94969083943,10.0
59.34914898439666,8.0,1340.836710230714,29.0,9316.180328952349,8.0
162.73233120831443,12.0,22.99838656149209,26.0,6678.905366929566,5.0
76.99991494747555,12.0,,28.0,21151.995976688282,5.0
59.12622078759551,6.0,238.34461993567803,25.0,0.0,3.0
147.1894886297688,9.0,347.60611466661175,2.0,,
71.5165981707465,5.0,375.5776062949332,12.0,0.0,8.0
34.977931724808144,5.0,737.1172973376677,11.0,11392.476852224894,1.0
5.472886234519699,10.0,407.10688533741154,17.0,0.0,4.0
5.100531255964696,8.0,,5.0,0.0,9.0
1.500289239631612,,202.41653677090568,9.0,0.0,
15.922221948204527,12.0,67.30615846882978,,7097.08953058326,6.0
49.636836374914616,13.0,574.004743662236,,4669.52962487225,10.0
,6.0,0.24112837277249774,27.0,0.0,7.0
13.68641626755504,11.0,199.2823624217698,27.0,0.0,7.0
3.470268152177232,7.0,122.97837386035346,24.0,0.0,6.0
1.5942176430248778,,245.9475058935537,4.0,16017.115030612695,9.0
15.283753933809916,7.0,186.4515462264692,26.0,0.0,8.0
3.1583282456334483,11.0,609.0647356261774,14.0,0.0,
3.2793216483469116,9.0,150.69178914792,14.0,3960.567702381199,2.0
15.093086876789908,10.0,411.3436693411857,11.0,5456.594074626929,7.0
20.965509768738066,,,8.0,,1.0
6.199025776899493,13.0,807.369733776627,12.0,0.0,10.0
34.62080270678577,16.0,279.38899637131703,15.0,13927.260602283674,8.0
16.274236298613964,3.0,997.094808224767,20.0,0.0,
2.892767794774902,7.0,0.07288911619162619,1.0,14432.992696289026,
30.403393685881458,8.0,464.22765462853516,16.0,,5.0
13.245742197364713,,4.927699414430428,,0.0,
1.6121983523442458,10.0,625.7669279330127,25.0,5277.758599630679,7.0
,1.0,133.88900739057684,22.0,0.0,9.0
25.402727188459412,14.0,239.0027811622968,18.0,,2.0
19.48656429056359,18.0,239.37085911352904,27.0,6819.863262818965,4.0
58.7991088577564,6.0,936.7747108922994,5.0,0.0,8.0
82.81526542870412,9.0,53.84425661182555,25.0,0.0,5.0
7.466222878731004,13.0,549.6516937363361,3.0,10886.044740927347,5.0
49.84476093920803,7.0,1988.4629083010745,29.0,7168.533871349238,3.0
53.34988846268736,11.0,,24.0,5519.062882300785,5.0
1.67815763366953,12.0,1689.1438924376225,14.0,4782.275235753077,7.0
37.33802319451522,10.0,9.288101592091515,17.0,0.0,4.0
1.95113158907879,12.0,919.8957545692066,29.0,0.0,8.0
27.09185214377129,10.0,1625.2402623769356,26.0,863.2283045437753,6.0
33.1905749510844,9.0,2482.88227698754,11.0,0.0,6.0
13.721327272521378,10.0,307.28015772067374,11.0,4850.287392660228,6.0
63.80542908120794,12.0,1008.5433499560619,19.0,300.30691455465603,4.0
48.35999177745788,,65.24774170604539,16.0,5216.1059025687355,3.0
78.09437770181823,13.0,277.0269383274994,6.0,,10.0
11.34525536196173,15.0,184.06658121652998,29.0,26183.236032739354,6.0
0.652887103370394,10.0,251.4097547059596,19.0,,6.0
50.05355439249398,14.0,605.2987701973035,4.0,2751.8327210254656,2.0
7.568573585322328,6.0,45.772747588809715,11.0,0.0,10.0
18.885799701486395,,3150.072189758601,16.0,0.0,9.0
51.00077116595142,,504.0209698453303,1.0,0.0,4.0
7.305560858333422,8.0,,27.0,12667.692701331456,4.0
,7.0,885.0838253881642,3.0,0.0,10.0
17.345308853006905,,726.2118340594286,1.0,14369.690721043049,8.0
9.516410078718039,13.0,,,11356.269297801797,3.0
18.559086541547092,9.0,363.31793623718784,13.0,29664.988887741587,
0.2892896708093401,9.0,198.85888038834753,12.0,26636.149325202998,7.0
,15.0,59.92082923329497,16.0,0.0,
53.61271630865296,7.0,210.02817704701025,25.0,19842.31167916904,2.0
16.006555502642076,11.0,517.5414094404624,16.0,,3.0
30.351503390437557,5.0,6554.4659726442305,21.0,173069.59877761372,4.0
,8.0,294.02923721978397,17.0,25641.095362004333,2.0
31.484265347162033,12.0,259.17211189143643,2.0,0.0,9.0
316.5700921288954,12.0,26.944626701576176,20.0,5671.282615964965,
27.13736054804019,15.0,,15.0,0.0,6.0
29.694773028234625,9.0,482.2770766574005,18.0,15655.190537580947,1.0
3.5472883175317187,8.0,1696.8305045018935,5.0,30231.798428622184,1.0
,8.0,176.91465304145342,22.0,11879.076458944583,8.0
59.139124625359855,,271.4601188153325,25.0,21417.38501659655,6.0
,5.0,,5.0,18703.40732252132,10.0
22.169395625337877,7.0,1261.2662598413328,17.0,0.0,7.0
70.13211753677164,9.0,262.67303128875375,8.0,8890.416744364778,
4.627316162285762,10.0,292.38334459672177,17.0,,2.0
32.2049553039412,14.0,145.4065071639814,5.0,0.0,3.0
8.58583843806541,19.0,0.5844146194426667,8.0,22335.94281965449,8.0
31.11660492322054,9.0,58.520158418795454,24.0,0.0,4.0
2.743718094587754,12.0,608.5107031700552,17.0,,8.0
86.26342182623691,10.0,573.6317908069354,24.0,1836.2686430670497,3.0
,10.0,194.69542660838889,15.0,5449.801165298175,2.0
6.7303869108802195,11.0,320.28327393364515,23.0,40156.13223512347,7.0
30.423438960026893,5.0,176.46839362340964,29.0,0.0,1.0
42.70688537243457,5.0,656.3665622354858,22.0,0.0,3.0
7.050632642876582,,924.1628472082112,12.0,6963.270915413459,2.0
2.939312138567984,,1146.8389037314641,10.0,0.0,5.0
13.005743197060475,,95.50236619497981,7.0,96.56113138973706,2.0
4.376946698133012,10.0,593.7491975710681,25.0,12438.008466537121,10.0
25.02140074381887,10.0,1648.481891631523,23.0,0.0,5.0
16.555414019260684,6.0,525.78568982159,16.0,630.7494933382231,
18.620572876892147,4.0,216.14136135178137,8.0,8515.674586426001,9.0
,11.0,,5.0,0.0,10.0
120.60854166943543,,583.0592883497822,0.0,4525.161933874441,9.0
47.198339013666036,6.0,252.95826311388814,0.0,,
29.784747017609362,11.0,54.90238311161651,12.0,3604.1634096186435,5.0
13.562818572537754,9.0,466.5402821872014,6.0,6883.118015047329,10.0
0.8232743090868262,13.0,810.0998074848679,9.0,9282.003771030322,7.0
3.7168571769499894,13.0,3011.26790001143,17.0,0.0,2.0
39.376515860669635,7.0,126.19498628328205,5.0,0.0,3.0
13.82317953928434,3.0,602.6351131098148,12.0,0.0,2.0
12.213679044325533,6.0,14.22196006234563,4.0,0.0,10.0
65.94090387070554,9.0,1750.3753914443037,20.0,19789.44689573382,1.0
19.879056661899355,15.0,6.322030915285973,25.0,0.0,
68.95093758023222,8.0,,14.0,12537.179162569315,4.0
65.3152062980372,,39.739601931276766,11.0,0.0,9.0
2.507360537059487,9.0,485.06727172842994,21.0,,2.0
87.21130726007785,,,29.0,0.0,
2.4023149652616405,10.0,660.1483238053763,10.0,,1.0
99.31831720349348,8.0,333.1339112163267,7.0,11208.510550154104,9.0
18.0780820344377,13.0,271.84955579192524,,20051.081416161764,6.0
,,214.2514886529259,7.0,,8.0
36.74000031326741,9.0,45.03301904982036,4.0,0.0,
21.925158307755225,8.0,114.59643874870169,9.0,11136.415176349776,8.0
28.98451101502729,,509.5806541532295,14.0,,9.0
89.82291722797551,13.0,,5.0,0.0,7.0
,9.0,36.33344099148514,23.0,9403.634279879243,4.0
31.867778699905138,11.0,392.57829635207696,17.0,13030.609843202303,6.0
32.163669115052855,10.0,,22.0,9005.844852959306,6.0
8.50825914054247,5.0,358.44024791956303,2.0,3827.9487502391594,2.0
,11.0,1675.6531532715155,8.0,0.0,2.0
30.039395343126046,5.0,183.61129748154403,9.0,24050.70670107145,5.0
52.50392526103155,12.0,642.7779047060573,6.0,25612.253759360505,1.0
32.17539258433191,10.0,684.3294727990705,18.0,6291.379578629112,5.0
10.671120721518665,4.0,259.47891149899937,23.0,,10.0
6.302429779257128,13.0,449.83008323813425,25.0,0.0,3.0
2.4026711996583985,12.0,319.37314603694534,1.0,10174.225040425414,3.0
26.456311929425226,6.0,,25.0,0.0,8.0
,7.0,702.7224747289425,27.0,0.0,
29.86890866498689,16.0,606.7197624102065,7.0,0.0,3.0
,7.0,1154.0444283428992,6.0,,1.0
14.131952892352079,,,27.0,,8.0
9.055588821149051,12.0,,4.0,8009.609787752635,10.0
13.87697648362559,10.0,625.8949477219563,3.0,10959.479743633368,10.0
1.6743709033222174,,482.5254995409706,,16791.802965348586,6.0
38.640358320146646,8.0,479.35673365756764,25.0,15672.962724967803,8.0
3.7226209811474944,7.0,948.0194748016384,27.0,0.0,3.0
0.4352205277966537,6.0,1206.5825965452148,29.0,15454.178343085887,6.0
87.7241803324778,14.0,99.37284743476897,9.0,17381.559937820282,2.0
6.428353222185837,6.0,188.47543354057612,0.0,8728.651080010739,3.0
52.81851756000588,14.0,525.3479687489568,28.0,6637.719294944055,4.0
100.12184248180543,17.0,407.3425162856069,3.0,12193.334297922747,9.0
22.914892907878308,13.0,528.245253697602,21.0,10940.068949049812,4.0
22.4039181349174,13.0,283.7108619791733,5.0,0.0,7.0
13.738326869043261,13.0,265.887615955286,,10146.134580950322,8.0
16.632609634014862,12.0,62.58545113923751,24.0,19149.24644160778,5.0
19.73776803841912,11.0,488.6155206461689,,16864.09759489785,2.0
4.949579235887669,10.0,96.6623262591889,,9525.798063503451,
,,,0.0,6776.625651024783,5.0
50.802271713691866,14.0,1706.7196530398758,3.0,237.49144599738247,5.0
6.04139278831585,,148.13463689484266,3.0,3625.8904103836544,7.0
39.26369813529026,13.0,,17.0,13728.22531498018,6.0
31.63096721924107,8.0,12.23613164101027,23.0,9614.733217000956,3.0
1.7701446192239554,9.0,238.07297645220183,26.0,15844.891243488884,7.0
0.6805266272530021,11.0,120.78810873917459,,0.0,1.0
13.040413320737096,11.0,338.49857179532233,17.0,18003.257590477748,4.0
35.34625490147775,16.0,371.49027373047875,14.0,0.0,4.0
12.033046002120688,8.0,214.8746055648634,17.0,7433.382420569229,6.0
33.05451963309901,8.0,692.9596602844806,14.0,0.0,6.0
32.84979822874803,14.0,1175.9227050731697,16.0,3818.6743031613314,10.0
49.282802814804825,11.0,118.82608317068009,,29405.600594833137,
3.1436741911862724,,904.8530965122643,,11112.271166414317,1.0
25.820635610025874,18.0,,10.0,7702.254770820844,7.0
1.9360634606147984,11.0,,15.0,,4.0
5.805618029294466,6.0,412.10160398241203,,0.0,6.0
11.813548256742031,10.0,183.06077487216692,1.0,3094.2905075719173,10.0
36.86736056362175,11.0,21.302828916178015,16.0,0.0,
109.34929352807437,,174.68806666828695,0.0,0.0,3.0
12.580265168760212,14.0,1176.2564421416864,17.0,0.0,8.0
22.090691002355776,11.0,95.71535689116243,16.0,2370.9560214593284,3.0
8.994890521841997,13.0,721.4342184087232,,13322.074369268881,6.0
33.763132726644336,7.0,,,3237.44994685678,2.0
13.698925011378313,8.0,56.15050377034428,18.0,14586.894185513234,9.0
19.71002257459533,10.0,199.82325793598838,24.0,5857.944109490336,2.0
25.166898803117714,10.0,,4.0,18994.041257985806,5.0
34.77403026972847,13.0,11.711177715905993,29.0,,6.0
,10.0,94.99988462506093,12.0,0.0,4.0
24.28376281075577,6.0,112.55896307613382,23.0,0.0,7.0
16.924898499363138,,90.74909630830123,22.0,,7.0
4.307974334376759,9.0,47.758565799211304,29.0,0.0,7.0
,,373.5959517196954,5.0,0.0,7.0
64.59654137836571,14.0,,12.0,18664.329293844046,10.0
,7.0,,17.0,0.0,10.0
1.0169509980539002,18.0,103.64338610050281,,23097.62898526586,9.0
35.0776250827817,7.0,461.7365191189164,28.0,0.0,2.0
24.235691993796397,12.0,,3.0,0.0,5.0
84.3103840952249,10.0,24.16969969915764,8.0,3339.555917581118,10.0
71.58086340571555,9.0,363.1219118606803,22.0,22988.211791505877,9.0
25.99374140044275,11.0,299.526881747616,2.0,0.0,2.0
4.488252591981891,11.0,1320.9810286693885,21.0,0.0,
,8.0,544.9721416150344,23.0,0.0,7.0
38.747461737955,12.0,214.74680453537775,23.0,18800.373782480074,
,14.0,621.566871713652,7.0,0.0,3.0
,2.0,436.91985732271064,12.0,10354.677830939487,10.0
46.06771194800033,8.0,,23.0,6447.059122018745,8.0
34.497870442384496,5.0,769.1372806874268,25.0,3680.0346938879425,8.0
2.4458295468389952,9.0,551.5658827773382,21.0,,4.0
24.491790700741696,13.0,2.715509833561757,10.0,28627.780529589978,6.0
6.082175562506887,14.0,,9.0,38504.718497411886,8.0
34.51763373014395,11.0,252.99523451232287,10.0,0.0,9.0
28.2547835935587,8.0,518.4495658837855,2.0,0.0,2.0
108.41103518320753,9.0,252.7269726923994,,5489.343989420538,1.0
82.17817687408697,7.0,1065.8394059315574,13.0,,5.0
0.28251105046635866,11.0,526.1059835051279,13.0,5579.590327224582,10.0
2.502407963033549,4.0,433.0201138082395,29.0,29086.234603831293,3.0
43.97757516957266,,,18.0,0.0,6.0
34.716786851176806,9.0,164.6970370531313,27.0,17965.59392085482,1.0
48.425313519918255,9.0,33.74037762609522,27.0,22632.13686176636,4.0
9.310713480521535,11.0,362.845964044519,3.0,0.0,6.0
56.77845814329318,13.0,275.83929012578426,25.0,7139.425103523302,2.0
,9.0,302.8338349016386,0.0,,
9.110623726902338,8.0,483.929977276016,1.0,13746.613169537617,4.0
0.31993232424975804,10.0,477.4139669222087,5.0,14621.393384871102,2.0
,7.0,249.0075922509218,29.0,18469.997562313176,1.0
22.993728229868264,4.0,,12.0,0.0,8.0
111.12842395089156,10.0,526.9990006558967,13.0,7088.273259492216,10.0
37.624463753713556,,1103.236159080683,,22788.96381128863,1.0
2.5150538580079065,4.0,1221.808875532327,0.0,24085.948891704502,7.0
,10.0,91.54817395005293,27.0,7701.083950049911,7.0
0.5181858142825058,10.0,570.5958412098737,,0.0,6.0
24.478559284554127,14.0,191.00506749320195,7.0,,8.0
12.932796454556728,10.0,905.2542328124802,17.0,11434.627102198205,10.0
30.925455282546068,11.0,659.9754467933435,13.0,11175.635888800283,1.0
23.398705382051563,4.0,110.78969233412163,1.0,14309.268795211188,1.0
9.08794563179981,14.0,1396.2387312880705,23.0,0.0,1.0
5.314669620094755,8.0,575.1828554898082,11.0,15165.573842277725,6.0
15.561272821691967,12.0,1484.3806729290914,26.0,6854.321341420299,7.0
129.90880096977926,16.0,,23.0,18697.97402160754,10.0
17.165005347532343,7.0,1018.977446536281,0.0,5245.618160104462,9.0
41.44363928286545,10.0,551.4198363625944,29.0,12000.9918152442,10.0
1.7598276627931582,11.0,401.80098476951196,20.0,10488.123370621503,5.0
14.286241801484824,,858.8259695786808,14.0,0.0,1.0
26.048099994894567,7.0,501.01130957867446,10.0,0.0,9.0
41.732757127867835,12.0,553.7258616339761,,14680.04188951873,5.0
,,146.29410009008686,16.0,0.0,
21.726478397184817,6.0,849.2812748420268,2.0,967.1616893458367,9.0
43.30587340737644,6.0,525.3436812507355,14.0,604.3944212884608,2.0
,13.0,930.1985620156803,,9405.404533068431,3.0
2.849454200496355,9.0,,2.0,13108.971810147032,7.0
12.792258198213165,6.0,201.5166255397411,12.0,0.0,3.0
5.194774282208852,15.0,,25.0,0.0,2.0
101.39265133578607,,731.8152421714083,8.0,0.0,7.0
,14.0,200.4734555936845,9.0,2263.6194045151838,
17.750249731303633,4.0,,0.0,0.0,
72.9302448854482,6.0,,26.0,18605.599036345237,2.0
69.18616537445385,10.0,145.75735499837984,1.0,5724.7681509316635,2.0
16.12008218115716,17.0,1198.5604626366564,24.0,3388.5088162419283,
62.31788444484859,8.0,386.16661815875113,13.0,,4.0
1.9850252771323533,12.0,1744.641257293921,4.0,11210.40134915007,5.0
65.07288668800138,7.0,39.88366361639309,24.0,11080.876312490665,1.0
11.157291982499004,13.0,205.3584631315484,21.0,4812.388406529939,
24.98071202519863,13.0,240.2050695451918,9.0,6256.519414640777,10.0
,15.0,655.4463788978836,25.0,15131.707331504158,8.0
125.59292153874571,18.0,119.73953741424802,18.0,11384.580603720755,1.0
2.2345946212346255,11.0,235.2785739104975,7.0,25739.309991542654,2.0
17.769492749917777,13.0,1207.5552966327753,,6681.653643320462,7.0
29.105634619523798,7.0,60.83014331952025,8.0,12808.353090694774,
,10.0,683.8815662634613,17.0,3524.138509546982,9.0
40.26928770453589,8.0,606.1455051494883,24.0,,6.0
38.66581056409755,10.0,69.92139186297902,3.0,9509.647930765133,5.0
47.27178361689417,7.0,583.1630225567343,7.0,0.0,7.0
8.008451635825338,12.0,421.7336905516197,4.0,0.0,10.0
13.885192221741512,10.0,169.50335885421387,28.0,,8.0
,7.0,186.35947823816144,5.0,10452.901044245344,9.0
,,894.857606080328,19.0,22610.92183464581,6.0
15.794012334289505,8.0,131.34189882943625,4.0,5054.508557359833,
7.525819778954855,11.0,359.5202995780435,27.0,,7.0
30.018261610849848,12.0,571.5168411664185,0.0,5138.3069132222745,2.0
16.72006472203578,12.0,69.57453935092668,27.0,14234.060615535791,
8.633664869131591,,1346.7325750953253,,0.0,4.0
37.67224682111313,14.0,150.98132142284186,29.0,,1.0
6.393022731471451,9.0,191.97529919724641,3.0,,
30.100757549520797,10.0,548.4804336715061,0.0,7817.232412312003,9.0
16.89151264747053,17.0,,,,4.0
11.533154156381984,8.0,493.9104051016864,18.0,0.0,10.0
87.5532871937381,14.0,1238.6476063191387,3.0,4856.987778348585,10.0
11.764956207622465,11.0,143.23510705868557,13.0,0.0,3.0
12.80866323685234,11.0,224.63618861541698,13.0,13077.124690391398,4.0
61.35430253837314,9.0,132.20024046374616,8.0,5735.008965852368,3.0
4.144892655907729,8.0,853.9907164380655,18.0,22939.748162649386,3.0
3.4309866890006586,4.0,91.72579161938272,10.0,0.0,2.0
9.968159034954553,9.0,212.8044969216216,15.0,920.3779416907473,6.0
26.867884726963986,9.0,459.4242769382024,18.0,13800.5022363594,10.0
,10.0,259.2226505122869,3.0,18711.947394988907,
28.137267973724754,14.0,33.85540817855434,8.0,14286.470058952757,10.0
5.221696901911824,8.0,1475.5770801489743,24.0,0.0,4.0
9.092028711929071,,206.16967212989258,16.0,0.0,
24.983474961629184,15.0,294.98060524506525,14.0,0.0,6.0
7.3443945960977555,9.0,91.6882576555489,7.0,,8.0
,10.0,1002.5391175196556,25.0,18959.37570890027,6.0
25.504408846141068,10.0,172.2523568863064,,5084.310456115639,9.0
109.08963740222949,4.0,10.011077829109466,,11920.256261378709,3.0
2.4977525570447567,,190.1930528352391,1.0,11600.559611804787,3.0
18.508591812471387,13.0,2069.4519074529985,9.0,1197.7230422951698,2.0
15.138893766100015,18.0,79.40577153951635,26.0,0.0,10.0
52.15928879338063,12.0,15.849827430113113,20.0,21090.795223626705,6.0
69.16682118080895,8.0,431.5830710629207,26.0,10184.002766334213,7.0
71.2589217889845,10.0,232.34213823487912,12.0,0.0,7.0
14.106796648751278,11.0,792.3124077229656,10.0,9450.534841468052,5.0
10.900420948870714,10.0,658.1747972840373,13.0,7400.741996795061,6.0
17.888087827291237,12.0,,15.0,20733.060129827896,7.0
12.647208456388364,11.0,415.7821647160445,27.0,10664.948966915967,2.0
38.066112958643075,12.0,16.486857050621662,28.0,10707.92673701897,
7.207586872729203,9.0,289.44359678742813,5.0,7391.946268337755,7.0
32.248403727388286,9.0,625.9747881388892,1.0,0.0,1.0
78.5137521907346,16.0,,25.0,,6.0
9.851520962633245,7.0,62.755618864072545,4.0,4694.980584551012,
33.892930942682135,13.0,31.75410577207187,18.0,0.0,1.0
4.6491697730839014,8.0,960.9094188335484,6.0,0.0,1.0
3.882218127424981,8.0,1109.705768614199,27.0,0.0,6.0
3.686883691802023,13.0,210.10601664706795,27.0,17716.183205654204,5.0
4.473387664513364,4.0,89.66640854311184,,28745.433108996593,3.0
7.306697235258185,8.0,1922.5611333612733,4.0,18861.94037872411,10.0
24.82302831525601,11.0,394.67906693079703,11.0,9514.763254975325,10.0
43.69965700165597,11.0,323.75723004715576,18.0,4214.55655664935,7.0
4.069678822030924,10.0,676.6382448476486,26.0,1508.7792638142278,7.0
61.21007288256597,,92.48413176993823,17.0,0.0,
55.49111996833897,15.0,433.7380499590676,27.0,28361.46591189614,6.0
38.991175120920744,13.0,1104.3759854221055,11.0,0.0,4.0
,10.0,11.669363796361463,2.0,,
0.046753457277099196,10.0,558.8053711829962,25.0,2653.982288810078,9.0
39.8141649659753,15.0,400.838529730962,3.0,3644.9627339039334,7.0
63.35550699403543,13.0,1505.9388001068273,14.0,12224.47195935118,7.0
12.251969158158914,12.0,149.67393361704396,14.0,0.0,8.0
37.974122996155025,11.0,979.113593385245,,0.0,5.0
1.9216827853054954,,,1.0,2222.9139707407194,9.0
37.08402146110913,10.0,280.9398032751673,17.0,3031.3135014859345,6.0
2.1226065015940367,12.0,119.94624546944372,2.0,2056.703974814987,7.0
26.542768929532567,10.0,,17.0,1897.0975151501534,7.0
27.305777346149796,12.0,108.71101315828489,13.0,792.5118733793024,9.0
10.792814741460049,5.0,979.5437718312477,5.0,0.0,7.0
2.4728551728278525,9.0,304.0477953726528,1.0,,3.0
89.47546486441252,11.0,901.1640418545463,0.0,21867.272293487982,6.0
23.00881122141311,9.0,153.59459190325722,7.0,21745.10607440078,
,12.0,71.20254750218301,,0.0,7.0
28.636986101650162,11.0,404.79697778508375,19.0,9845.702308381899,6.0
66.50541570054317,10.0,356.1008522744297,17.0,0.0,4.0
1.8644220897096149,,220.50006572696074,19.0,0.0,6.0
67.12858460063475,8.0,543.5712868345182,10.0,0.0,3.0
8.22033869098346,12.0,49.98908478444558,17.0,35786.74664245226,1.0
2.434682929747177,10.0,,26.0,,1.0
32.124006343361806,9.0,118.97385550131229,,0.0,5.0
113.1360803393561,10.0,69.03056450153588,4.0,6658.127177744721,8.0
1.7683718219840587,14.0,,6.0,14157.630099808732,3.0
16.66014395195233,10.0,,21.0,3303.9808904203805,2.0
22.63692697865563,7.0,720.7278192337113,1.0,7931.092009705163,8.0
8.715340697262913,14.0,46.67037085732706,10.0,17022.516611276656,9.0
122.01148307608578,10.0,29.591047819626272,12.0,0.0,
30.72991288375698,11.0,341.4521224193488,19.0,7133.495261253984,2.0
55.80449114767319,12.0,189.57068269033823,,,8.0
16.12421061118393,13.0,,27.0,0.0,
13.106624741321866,10.0,101.23844582017156,15.0,26023.680685579115,7.0
24.166499374980173,14.0,,29.0,3927.3276567262055,8.0
17.14267464357026,8.0,,13.0,0.0,1.0
37.65251557930189,9.0,1049.9673580112503,6.0,3661.600119435753,8.0
9.269953427230579,,272.8832810981219,6.0,0.0,3.0
17.912810917264046,10.0,568.8310373593855,,2390.735402439749,1.0
67.65179965856579,13.0,9.283702506098741,11.0,0.0,7.0
42.33088098049362,8.0,840.8045519026844,,11131.329094705703,10.0
5.520215240140559,7.0,137.43488035350776,0.0,28244.920843785883,3.0
65.37515925218139,13.0,,22.0,2900.8920525241283,8.0
26.676072940419584,11.0,23.15624486386675,5.0,0.0,9.0
34.116276246936636,11.0,263.5561895724239,,6092.052746513009,2.0
10.455105457679679,13.0,957.2238659293464,26.0,22895.571651098027,1.0
17.477397543271294,4.0,237.9981814252693,12.0,11195.972781193617,
49.32281849705544,5.0,,4.0,,10.0
12.044620740029716,9.0,1010.3886320611277,23.0,0.0,6.0
5.411920436524355,11.0,31.98184612198758,9.0,4372.088627015645,10.0
14.259165607104974,6.0,182.1173980033451,26.0,14318.58256314399,
2.151927089595308,14.0,1206.2965709586217,13.0,16490.2655409507,3.0
,7.0,15.131130179553995,23.0,20730.10136639615,
,10.0,725.807601260441,8.0,0.0,
10.069465367575582,7.0,1184.5119313705577,16.0,163.42911435597762,6.0
63.87938209815638,6.0,735.9073850828559,2.0,3557.5021591004424,3.0
,,680.9263866136844,11.0,,
11.628981463349993,,926.8890659136556,11.0,1842.407519867501,6.0
23.800092047537735,13.0,547.9922138087493,10.0,11297.98093657217,1.0
7.387669948640198,14.0,275.03986568367225,21.0,387.5759044604829,6.0
0.7648617804104872,12.0,32.40557319359158,,0.0,5.0
27.769972129264374,12.0,775.5077274234167,3.0,18316.741705214437,8.0
,14.0,1178.2759212605933,7.0,8748.330471500638,2.0
,5.0,358.29640856611843,9.0,,7.0
44.33694619679036,13.0,380.1891678787118,13.0,2524.4804481215915,6.0
78.386714817624,10.0,258.15949581513775,29.0,14649.523681446915,1.0
127.96140850207789,13.0,972.0450411096497,,,8.0
40.987158592946045,13.0,7.456983169095224,11.0,0.0,6.0
60.7311741248043,14.0,489.81305469326736,4.0,16305.265644428728,3.0
33.601038805989475,7.0,1189.8037959065136,13.0,4157.119388262977,5.0
5.623802577006587,,54.47365109768962,3.0,2041.4065408367464,7.0
6.015876795897689,11.0,1599.1021968347943,27.0,0.0,9.0
3.50476148121157,10.0,1716.0061205491954,,14653.64699574952,4.0
85.92781801749094,,,25.0,27384.79042031259,2.0
33.511081872252866,,310.4561413028383,21.0,12291.446582703444,3.0
46.80654242690807,6.0,241.41881940341656,25.0,0.0,7.0
12.066192858382632,7.0,611.998880255139,12.0,21641.523689918115,8.0
18.50902167319445,8.0,,2.0,9312.721045613529,5.0
1.2177709964999186,8.0,35.39589773439668,10.0,0.0,3.0
65.94875251436545,13.0,1158.4544115942324,10.0,20308.186940300522,
57.52038065418604,,503.7318233931585,4.0,2835.0817377353383,10.0
46.087203701525155,5.0,116.0634519671433,5.0,0.0,1.0
1.8021216647533045,11.0,9.290053726713163,,1188.597039496045,2.0
,10.0,642.8011031370773,9.0,11384.98871198767,5.0
12.201656524563882,11.0,957.9812739945495,9.0,0.0,3.0
9.157572947345004,9.0,260.14141428357465,11.0,0.0,7.0
54.69004468225293,16.0,42.17920099540724,21.0,22637.907427094484,2.0
6.501269858828777,,522.9452712249164,22.0,,2.0
22.78658910044665,7.0,176.14873541698267,17.0,0.0,3.0
25.4156128430101,12.0,77.71133378471461,29.0,0.0,1.0
16.60217526473944,8.0,,14.0,,2.0
8.26027286844218,12.0,,,0.0,5.0
96.78780885322624,5.0,363.63169737218715,22.0,0.0,3.0
16.002324921178175,12.0,868.4434163115212,17.0,0.0,10.0
38.98258931306605,17.0,331.35349263133867,,5026.953284375036,6.0
,10.0,1154.0027773237061,2.0,0.0,2.0
,13.0,921.981176864171,0.0,0.0,8.0
7.296248627426093,17.0,526.5078224422227,16.0,7484.24611268995,
33.746219974079786,6.0,29.265955884013334,9.0,0.0,3.0
21.186729532663527,9.0,1001.0343277293076,26.0,9280.081304623138,5.0
4.754300640013715,11.0,1179.9589757423291,5.0,895.9329012240951,8.0
0.7579710850559795,9.0,235.03952365303724,24.0,2773.299158407438,9.0
80.10021256770652,12.0,373.434088301855,24.0,14361.27578118899,1.0
,,164.96133541195306,,0.0,4.0
36.61845863029393,18.0,,13.0,13516.412436031405,
31.72569034914964,10.0,326.4356864526574,16.0,0.0,6.0
12.543749122168665,14.0,69.26276321837081,27.0,0.0,9.0
6.151112746310566,6.0,101.25685263049677,,,1.0
5.892428817517204,11.0,327.64717397813104,21.0,0.0,5.0
26.408012349650015,13.0,1008.847235182883,3.0,0.0,10.0
23.750682781164485,8.0,930.9815530508938,10.0,0.0,1.0
62.608494635968896,21.0,1677.1820144003714,18.0,0.0,
,12.0,329.54741803302625,8.0,,9.0
51.32335823228697,13.0,401.490967260206,25.0,4900.2294503840185,4.0
0.9885000055518607,7.0,863.3124718650864,20.0,345.489940044964,10.0
33.35030096200145,7.0,601.4423822274795,7.0,0.0,10.0
7.985784419328179,6.0,100.94923420714873,19.0,4024.972369998916,9.0
8.744236041259203,9.0,253.89408083906378,3.0,5362.503308937147,3.0
38.25080492989485,12.0,1323.6607364218587,15.0,0.0,7.0
47.313907940075424,11.0,78.98648800559627,,10562.699849954766,5.0
13.94381949807201,16.0,,5.0,,10.0
46.830408293844556,11.0,255.963149577698,18.0,8561.77072298078,1.0
17.59583619441728,9.0,1405.6575634058224,1.0,4615.8370988438,7.0
58.483013651395126,7.0,,10.0,0.0,8.0
0.7565735295869216,12.0,558.8094374848896,24.0,20610.19447757133,6.0
2.615635003382477,8.0,70.85236543301775,,4862.5364393398195,1.0
44.9304308976435,,371.6952874414739,8.0,587.6306326340291,9.0
29.352136076895555,,384.54296650497287,27.0,11990.671521657117,7.0
24.562689936033085,,21.780635276612234,15.0,0.0,
28.555890232694725,13.0,1540.8389177802842,,0.0,4.0
79.85961001825878,8.0,821.55585770217,13.0,11679.055996432699,3.0
31.973060627857738,8.0,180.3803550384921,7.0,18758.802035636472,4.0
31.279107146055875,8.0,69.98995085388202,,8436.987253530064,1.0
42.747423433908125,,212.0386575812779,,14669.405962698416,9.0
60.436751167170456,14.0,1123.4642604414482,9.0,0.0,
9.110786047209546,7.0,71.17571428613425,22.0,688.7106396311847,2.0
,12.0,214.86642482168486,11.0,0.0,3.0
26.310295102912672,5.0,340.9102102594367,20.0,17331.16143138511,1.0
4.345553320791184,8.0,,28.0,,10.0
22.038892665882422,9.0,156.01041080798962,2.0,,3.0
2.1626247633521913,9.0,452.7173036678373,1.0,0.0,4.0
6.13552742883662,10.0,195.7549048303093,10.0,,9.0
73.24268713706145,7.0,1022.1354338729057,23.0,20948.944087868236,
3.8092116042424826,5.0,1380.4519776545576,17.0,5313.324235462231,6.0
25.94770957034796,6.0,291.2887072237207,23.0,17778.571774905657,1.0
11.723828899830156,10.0,379.6653674554761,20.0,4220.661099464276,3.0
24.31155806585976,13.0,498.2195859064011,24.0,31446.22516534644,7.0
8.035345821723334,7.0,546.1187744253112,3.0,19135.95793951377,7.0
17.630090704911563,10.0,,7.0,3079.3349206831845,10.0
60.59748944219747,,27.586949346422735,28.0,5246.3468211832505,1.0
14.158580758379406,8.0,,,5287.850314106357,9.0
13.063704097372954,14.0,124.1486650892677,14.0,,1.0
17.724112632846886,,438.6618318658714,22.0,0.0,7.0
3.1772481109186197,10.0,489.977237222523,27.0,0.0,
14.698698359172965,9.0,89.84108795323414,,7790.1602766328215,9.0
0.2077250232711376,14.0,716.895597217439,20.0,0.0,
20.998939713921008,3.0,1004.7548638799684,1.0,3199.137509740511,9.0
56.504615882582584,6.0,168.00055073379403,22.0,605.962261804656,4.0
24.093757150102196,9.0,1051.2125495547534,18.0,5909.95439342945,6.0
28.073778264768105,,42.25480111857121,14.0,22617.27521679438,2.0
0.9312051397405541,9.0,805.8801189910058,28.0,18145.235392148352,3.0
58.879632478076914,11.0,510.9800378068065,25.0,0.0,6.0
14.584163643098854,11.0,437.46738723111173,25.0,4377.937232247481,1.0
110.49011918629975,15.0,130.76858743642043,25.0,1365.581665138553,7.0
,7.0,224.58453417437772,27.0,0.0,2.0
86.83422261264637,9.0,1205.6666940743999,,30836.256667614405,8.0
30.177512630340118,4.0,313.43735032322115,25.0,0.0,
,11.0,451.1693631204872,12.0,0.0,7.0
106.9458266876796,18.0,1373.2775410711922,1.0,26052.672323274044,8.0
0.41910595597310507,13.0,314.1372704261398,2.0,16628.43239810989,3.0
39.357897167107296,,245.73151264183235,29.0,0.0,6.0
66.0903246268546,11.0,1118.4085595097863,13.0,14127.25409190844,9.0
5.800682366911752,10.0,1208.930381454467,19.0,2126.7787609401257,
12.618452327702725,9.0,218.97214055294566,25.0,2926.2034563998554,10.0
24.713352546591207,9.0,,12.0,,7.0
34.1651543694137,6.0,1658.3514611840956,,0.0,1.0
61.642671064301425,11.0,28.53428283553556,22.0,0.0,7.0
42.94759883282917,15.0,20.30810134872654,,0.0,9.0
,13.0,363.43524530457785,15.0,10028.045286397377,10.0
51.73196625560254,11.0,172.1192586685868,11.0,6841.25965242965,8.0
101.50961419990415,8.0,435.9573919881179,0.0,18034.799410483924,4.0
7.723750612946967,8.0,644.2125527880512,5.0,0.0,3.0
2.309528470109601,10.0,35.78792592715526,12.0,26441.485825276064,7.0
16.68618414903869,8.0,1070.0948577235777,21.0,25332.246722547214,1.0
63.9592312243873,11.0,,23.0,5425.2398005749155,8.0
4.885858057026506,6.0,240.10576223447615,1.0,0.0,
65.09364341858277,11.0,205.51786157967615,17.0,0.0,7.0
145.6590795171154,10.0,915.7749295464529,16.0,7377.627298271598,
1.6654520448143224,5.0,93.5578352044345,18.0,27591.143636667013,10.0
20.511139488488663,8.0,14.546162959770053,22.0,,8.0
11.964465235674112,8.0,1784.2452279177646,14.0,0.0,
15.010414206523762,12.0,1972.078798026512,7.0,27744.41184919766,5.0
,11.0,148.99607278821244,22.0,195.36668023772654,9.0
40.37807000037341,10.0,4.698322810214328,8.0,22445.552624867003,4.0
26.843194864098106,12.0,519.1121093339252,7.0,,7.0
97.4808923871139,8.0,522.7205572403224,,3218.8534825922256,6.0
12.138371119542564,15.0,1409.686850580828,10.0,16591.274658316423,10.0
23.394116739675486,7.0,177.24617144637463,17.0,0.0,6.0
,7.0,105.05454626733355,16.0,,5.0
14.005621846058279,5.0,,21.0,0.0,2.0
18.78143826015066,4.0,414.679441642446,22.0,,4.0
34.653055748795474,7.0,632.4576438496347,5.0,,
59.14328648804002,9.0,1081.9658097215233,22.0,11483.385968310646,9.0
16.119270524666653,11.0,410.20080016553754,23.0,0.0,9.0
22.775434797530252,6.0,,1.0,0.0,8.0
110.81348603566629,12.0,,0.0,645.3056153795342,4.0
1.3019205480631564,11.0,234.28358466923052,9.0,12033.81908390802,5.0
17.83864981028552,12.0,301.41109272758115,7.0,0.0,1.0
30.316546591595344,10.0,1603.0339844885036,15.0,13477.61298677572,4.0
0.2538950809183743,6.0,404.78101233155576,,0.0,4.0
27.248672535823864,9.0,,13.0,,5.0
1.735228549596008,11.0,292.7374160361239,23.0,,2.0
58.464694929141245,7.0,129.66426518775438,15.0,0.0,2.0
49.365338409698225,9.0,72.79186229675734,13.0,7900.996106565935,2.0
0.9836039255834974,11.0,622.8040097363333,25.0,2774.225051221477,8.0
1.5010549393872015,12.0,495.19617586485333,6.0,0.0,2.0
42.02566768049471,10.0,344.36733154267876,17.0,0.0,6.0
13.839399829912672,8.0,275.16304437515015,19.0,0.0,2.0
25.671803682018453,10.0,9723.22948802973,8.0,0.0,8.0
9.454815917647828,8.0,46.06242091229969,23.0,2532.85482745595,1.0
5.697388499034663,4.0,177.81606359500998,3.0,0.0,2.0
10.532594123856677,11.0,911.2989298486877,23.0,10083.394544870054,5.0
8.499297337759252,11.0,765.4875982697957,25.0,14701.907293146221,6.0
17.842930235798665,14.0,1793.48146202843,28.0,0.0,9.0
41.192598888883936,7.0,533.6543670230573,,1992.193106757869,6.0
24.2317956410097,,403.3144672672797,21.0,0.0,8.0
28.185115606400526,9.0,175.52005562248607,,0.0,7.0
19.050797359101693,10.0,39.98731968996273,8.0,0.0,1.0
11.779441765187302,7.0,481.19133901811983,16.0,0.0,2.0
4.647337957588135,15.0,334.87374237247496,21.0,0.0,4.0
13.134944466747484,9.0,711.6337887606146,10.0,9714.894000015633,1.0
32.826534216087374,7.0,265.3933709638827,19.0,9672.164273681483,8.0
39.70267692480075,11.0,,2.0,0.0,4.0
19.000056203921577,14.0,253.4268070450832,20.0,0.0,7.0
31.068894369160013,14.0,202.53631875110017,25.0,7870.938245601614,7.0
7.092224458776,13.0,1023.9186368059,10.0,0.0,
58.99760064210523,12.0,251.68211716261817,7.0,15676.522179240825,9.0
60.28324028304577,14.0,1023.5736077162625,26.0,0.0,9.0
11.584345293569607,8.0,13.867689939783057,,0.0,7.0
23.80309988970999,,589.7918442029089,5.0,,9.0
27.99258174286099,10.0,37.28250863713416,,0.0,5.0
19.184213835894006,14.0,,5.0,,10.0
72.62152251509004,10.0,602.1114509148402,6.0,0.0,4.0
40.37956721861471,10.0,,12.0,1580.0786989894855,3.0
33.48897788760063,9.0,118.13554663829801,5.0,12217.72793079966,6.0
22.02490216423277,17.0,808.5489316197402,2.0,0.0,10.0
2.6599312529695682,,1461.6766363608297,26.0,20812.540714506646,9.0
3.4226675143355703,5.0,132.23065241011275,24.0,0.0,4.0
10.657801029469457,11.0,,12.0,,2.0
7.129533432286904,12.0,626.0099078621206,9.0,14961.8595111788,3.0
91.43033462341454,8.0,844.4918961956489,,15597.123790381727,
,12.0,,3.0,0.0,
,9.0,,4.0,,9.0
51.12559530358377,7.0,406.66245294685234,20.0,1133.261926623005,4.0
50.23053875260183,8.0,71.94612150422401,,8341.344049028075,3.0
7.289198206190684,14.0,200.8661207897049,27.0,996.3334403371819,10.0
17.78938161539301,7.0,23.005514665230884,17.0,30621.846655943027,6.0
11.479656904107362,5.0,118.3921719413923,23.0,20472.124891135492,8.0
105.61058214250887,,353.16178131496133,6.0,30290.083258859842,8.0
62.80482690528796,12.0,,20.0,10678.796898708384,10.0
8.627408767870527,,1100.842149340042,28.0,15945.764324197507,6.0
11.285361392339441,9.0,619.4702403823356,0.0,0.0,5.0
22.58113505990981,10.0,14.063954536622159,25.0,1824.8436113938915,7.0
9.797085895693366,11.0,1046.573743144883,,15955.455443683017,3.0
52.20861001315771,6.0,1893.1578184312248,23.0,,10.0
51.31610529752811,12.0,348.4386341146134,19.0,6268.452064597319,2.0
38.65765935034855,9.0,188.88412411480982,28.0,0.0,
35.06880922576873,10.0,152.89888729534673,19.0,18985.657049231508,
23.775868636634254,11.0,45.73948595160648,29.0,18815.363300857185,6.0
12.790502228926426,8.0,338.2525930390908,24.0,17506.505678416608,4.0
54.40882677289393,10.0,25.720348468931633,17.0,8504.455724000927,6.0
58.73417464827894,9.0,350.4255814129796,4.0,5121.254612671158,7.0
1.5233123725669464,7.0,145.542889731376,21.0,18489.588634785025,8.0
15.255818704981497,8.0,323.5441386624206,5.0,16241.605796250757,3.0
0.8096554836751734,10.0,270.9725300274508,9.0,0.0,6.0
54.879615100097375,12.0,182.0039191520915,27.0,8796.172470158106,10.0
5.847371564397154,6.0,297.6820663321352,29.0,12896.617109663333,6.0
33.613478526823506,13.0,321.25924827184406,18.0,0.0,10.0
13.265856031073577,7.0,896.9561772373754,9.0,15841.283340814776,7.0
50.795259262374806,12.0,547.9829119719705,5.0,13611.875483955777,4.0
21.38133338591163,10.0,283.83609989386656,9.0,4.336705057367908,
11.764708276796577,13.0,1178.2141735453627,9.0,0.0,2.0
11.741127018108969,17.0,,20.0,12034.890127910385,8.0
11.87705537555382,4.0,39.368432928427595,11.0,28575.346998698456,3.0
46.61714696214803,12.0,,23.0,8064.789296659135,9.0
37.251860004884,12.0,42.59808561510938,,12696.598128838443,8.0
11.535222709710592,14.0,191.99617326310525,12.0,0.0,6.0
20.212579621861384,7.0,,25.0,4426.524406559807,10.0
2.376276683261001,7.0,350.8376436142532,9.0,3662.4679090186264,2.0
52.720787946562005,9.0,953.2896204471764,15.0,0.0,8.0
9.27554054242472,8.0,9.059728061323398,18.0,,6.0
66.00766326956851,8.0,279.5603103024845,5.0,9816.720753393674,1.0
27.249430812172537,12.0,264.663167091768,25.0,1470.289165096684,6.0
25.167404585897575,11.0,1473.2419325239548,29.0,4847.1901268358015,5.0
5.327857027512641,6.0,137.9010712952663,8.0,29635.381273519724,6.0
2.1621361276787807,11.0,65.28549627122014,13.0,0.0,1.0
24.130178741038904,8.0,76.7272515479146,,0.0,4.0
18.932740345215347,11.0,367.13328040563204,9.0,0.0,7.0
3.824197417369964,3.0,247.8895328136037,7.0,7989.829501676311,5.0
54.16134355806604,6.0,701.5006304271055,2.0,,6.0
16.199401370957553,10.0,195.17671257844324,16.0,0.0,
9.051718002094772,15.0,68.4609968262315,18.0,0.0,8.0
46.57359860657222,13.0,244.59386834474515,29.0,4312.9811870457615,10.0
73.27754599750743,7.0,1072.942906045165,2.0,4362.808404735527,4.0
,9.0,260.03961449048325,13.0,9136.895453204532,6.0
44.87656578793492,13.0,896.7636829438673,27.0,12386.228281105501,3.0
31.711415475246998,12.0,232.23356069763454,5.0,18701.565195373016,9.0
137.3493744083722,4.0,165.21519941009473,28.0,756.1846023218704,8.0
6.844407949081102,6.0,745.522486748483,18.0,,6.0
97.07989235899225,,,,15231.586720485831,9.0
11.36201048070563,9.0,131.87256772594668,11.0,0.0,10.0
,10.0,25.548150620180184,14.0,14088.362374506583,9.0
13.333623545211413,18.0,104.03247306687632,24.0,6716.274904962682,2.0
9.377719831522159,9.0,238.06348422770145,,10388.473830024515,9.0
35.44898445885941,9.0,255.05685421468337,20.0,9379.608563101416,8.0
26.685471162536018,17.0,272.90533535672347,11.0,6637.159650792382,2.0
10.945186040216601,8.0,326.66807683360685,18.0,7125.965130348755,9.0
4.254250795674597,16.0,424.2116317602511,6.0,0.0,5.0
11.454316582403372,15.0,,22.0,,9.0
14.400712866483481,6.0,,19.0,26327.66842151111,3.0
14.372708917401205,12.0,205.15435029515731,9.0,13074.292252230425,4.0
13.26042797146908,7.0,662.1496643403634,17.0,17727.23603093083,1.0
1.4984840230845675,10.0,407.3235641513796,1.0,855.5381878503968,5.0
18.710486648761957,14.0,404.01940537328846,12.0,5952.313611803433,7.0
54.27475627551264,18.0,,14.0,11320.329217600298,7.0
5.966932077338248,8.0,202.49685283305394,27.0,19468.489674600023,6.0
4.722687853899029,9.0,280.3870522538511,23.0,3168.3555065569503,6.0
19.151308281511973,,,3.0,10724.808124512738,8.0
13.889792403348968,11.0,273.70644153266846,6.0,13528.362007865631,10.0
24.716860290746904,10.0,,2.0,16218.915003598922,9.0
88.1659925508484,11.0,159.06175536611136,24.0,2580.4275173769292,4.0
42.924477007321585,5.0,169.40700660004632,15.0,20380.68247513837,4.0
34.852136958453585,,600.2517596383284,25.0,0.0,8.0
16.132389901614804,15.0,2.1451661773890542,8.0,0.0,
10.163359959553897,,50.070647650934475,22.0,10767.926040981205,10.0
23.31309275936524,8.0,1486.1044599891316,22.0,10451.480639721238,9.0
65.00062108129865,7.0,103.5232052977834,16.0,2180.6320256162635,6.0
62.80439103790617,14.0,270.7462854125679,25.0,0.0,9.0
17.6914629457725,17.0,947.5115461945485,7.0,,
,10.0,0.051188883135780405,17.0,0.0,1.0
7.660104010903227,9.0,1296.329608533073,23.0,4460.719086762611,4.0
1.0373836172755855,9.0,27.486144639033498,26.0,0.0,9.0
55.48119595412445,11.0,93.68858717403593,12.0,18584.156281061056,7.0
9.229933257416628,10.0,,1.0,9582.502126178344,6.0
13.341734459351448,8.0,366.4848854864879,0.0,20525.215080815004,2.0
49.698423589106596,13.0,1433.1799721760221,15.0,6932.52608916397,4.0
3.835821103305728,9.0,,15.0,4553.909180181982,1.0
18.554222577480203,5.0,510.4765043796524,10.0,6505.334231315092,3.0
3.9149272906643553,12.0,102.58345042572779,23.0,0.0,
17.493749178415737,,1018.5631895885936,3.0,0.0,4.0
1.4486052950061337,6.0,702.7903587723135,10.0,0.0,4.0
21.870868568860185,12.0,155.2009545465532,25.0,0.0,9.0
47.64640052512049,19.0,817.6065365860494,5.0,0.0,
33.83783536802544,9.0,1048.401035832202,25.0,21184.618439721686,3.0
21.34966276405386,8.0,599.0384636581138,28.0,0.0,7.0
52.94045030992806,14.0,,10.0,9723.50131022953,
7.754883684894985,11.0,2075.3572551439256,25.0,12012.329979447068,7.0
53.29955627080082,18.0,39.52213882526732,0.0,19849.26263077617,8.0
9.703981688777908,7.0,,8.0,13179.942107092142,9.0
13.50538729834943,9.0,,26.0,2918.452529187777,
4.12377982015974,15.0,1179.1195122661004,6.0,,10.0
3.2193644443664864,,,20.0,0.0,
80.69666706569102,15.0,358.21099729842734,21.0,0.0,4.0
6.320825290471859,12.0,,2.0,7639.053378750947,
12.162280267680895,13.0,,28.0,6030.53425003825,2.0
22.596579458822614,8.0,1397.1301742636358,8.0,14805.513674736942,10.0
12.825208603969937,9.0,1159.5253075414978,1.0,6926.623259747325,4.0
61.237398336648454,,33.01430616063498,27.0,9428.416508377839,1.0
69.29275182535034,14.0,237.61543894748485,9.0,16953.99625278373,6.0
11.835330300006156,11.0,,16.0,6689.283194980001,1.0
,,328.2740630851474,29.0,,9.0
,12.0,,0.0,0.0,10.0
19.296040289439905,8.0,671.3335808811141,25.0,0.0,3.0
10.21059651059232,,210.78062346896718,17.0,15572.417043665428,1.0
18.12510516493857,6.0,241.1723982221403,,6452.269704527012,6.0
42.651864301962476,8.0,531.0268733716041,5.0,7031.530697227099,6.0
16.374855887960624,7.0,107.97547065136611,8.0,0.0,7.0
6.581921915393806,13.0,54.19812617055445,9.0,95.71742781251032,7.0
13.293497174673131,14.0,138.92426642765363,14.0,8440.45655463176,10.0
40.758183468693026,8.0,66.21310541144751,,1386.8057423657679,
16.5526641508674,15.0,,7.0,0.0,5.0
8.611981985519742,10.0,1386.8209107525165,3.0,0.0,3.0
16.727646404019474,9.0,64.08687154734227,2.0,0.0,6.0
18.19844537132675,22.0,,3.0,932.6765952836959,7.0
10.545386059726027,11.0,382.4806190385551,0.0,1681.8156416884963,9.0
163.3703587536392,9.0,501.06468453344786,8.0,23820.521062972013,9.0
43.78221652872897,11.0,93.21441084598455,,16090.092195724585,
,9.0,82.0679483199917,,8563.037682921606,
57.903138278273744,9.0,88.81250750323244,22.0,27348.703618445434,
32.93610454249305,5.0,549.9008124116458,18.0,3613.4859526972923,3.0
46.95980937216264,12.0,688.743166454163,,10705.811212565979,4.0
15.957680524834725,14.0,1264.3975737354003,28.0,8945.76383650713,9.0
20.816729908242916,7.0,253.90870371722707,25.0,10670.546210628934,5.0
1.444097408097613,,,29.0,0.0,10.0
,11.0,317.05722173249404,19.0,1346.7490789367048,7.0
13.766565596726636,13.0,157.2854477113012,,0.0,2.0
29.462519228907116,8.0,198.92160533607156,4.0,,9.0
,,938.071559837034,1.0,5039.929034998341,5.0
28.08242785281031,22.0,210.5855402908288,,0.0,5.0
37.48242757521826,6.0,1016.6459137341519,23.0,11162.626362354702,4.0
1.309738726554107,10.0,182.1143520015102,,7600.837450395713,8.0
8.96341283994185,8.0,207.6692165892345,14.0,25450.72993391554,4.0
5.622575239563593,,410.80955042539347,6.0,16124.161338198028,2.0
6.227523850811505,12.0,54.42041978439429,4.0,18354.04092259347,
20.982527694430317,11.0,1275.9225340519786,,0.0,3.0
40.40976067354863,12.0,858.5111123326085,9.0,,4.0
,14.0,555.0952706075082,8.0,2661.2432898981656,3.0
52.19481109519472,7.0,2216.660541294286,22.0,0.0,
,5.0,,13.0,0.0,6.0
12.94813785444063,12.0,264.7157526914892,21.0,20760.443014135933,2.0
,9.0,977.1735240646293,27.0,1585.121056652251,
3.7345771688231424,10.0,283.7132257553267,12.0,3533.371651432611,5.0
40.88064992358167,8.0,,0.0,8852.442414375835,6.0
5.4105644377575715,15.0,85.8416415688768,15.0,27347.597628165837,8.0
34.886442544864046,13.0,284.6445730213341,19.0,2289.9696835126174,7.0
16.44025262637448,10.0,551.2316385364262,7.0,4814.80736378029,3.0
79.12341388030121,10.0,88.75911665325916,16.0,,2.0
18.734423453396516,11.0,297.1426217673546,5.0,1650.6256264407239,3.0
0.9417114164737356,,6.435507507325735,1.0,0.0,8.0
19.65641711888265,12.0,324.56564731757425,,0.0,4.0
47.61543483072673,15.0,1131.31922669061,24.0,21035.408762004612,8.0
,12.0,454.12163923607994,7.0,7864.739940272917,4.0
101.72125444343646,4.0,290.4949755940538,24.0,,7.0
55.59739761150036,17.0,88.52334809900572,8.0,0.0,6.0
22.431374425708626,7.0,113.08566741182588,29.0,13156.925532481728,10.0
6.939829708160488,13.0,39.79762685262425,12.0,0.0,1.0
0.11345315144807121,16.0,678.1950783179933,17.0,,8.0
118.12391232345578,5.0,40.13630907014851,17.0,6293.6474903434355,6.0
83.57371975222433,11.0,242.21262433103635,8.0,18552.052150238196,2.0
9.612108683269728,10.0,692.8366640259361,1.0,12764.07979893568,5.0
30.50122018296102,14.0,623.8277409433596,3.0,0.0,2.0
39.19562534841262,8.0,430.82098450644406,,12215.302173557062,10.0
,12.0,423.50797321141926,16.0,594.5480781563783,7.0
55.53796182336541,6.0,47.33563613515716,11.0,0.0,10.0
2.4305966227862665,13.0,96.13459850859215,15.0,11611.755851642145,6.0
68.04378080631467,,382.5842348682324,12.0,7327.895947389023,7.0
14.928349976123295,7.0,213.9169637457797,10.0,0.0,6.0
19.65762939512048,7.0,9.559352170008586,,0.0,10.0
17.649221136153855,10.0,800.1566663562321,9.0,13944.917104346929,1.0
22.732889410541755,6.0,530.3884795320805,22.0,9669.379452134192,
27.351670874891997,11.0,197.10346000278935,27.0,10172.54765990407,10.0
37.171779283023064,5.0,51.684138127289785,26.0,27144.07852609569,2.0
22.329446426634636,15.0,447.26555038235654,20.0,16951.987572637685,1.0
34.633892307307306,13.0,214.27698453357803,18.0,3598.563921606523,1.0
12.388174037260049,7.0,147.4468986082437,23.0,152.63607777033576,4.0
82.78703363618364,3.0,639.1134118061418,,0.0,1.0
2.0012187702706514,9.0,198.86013426419004,,0.0,2.0
23.659401513766078,8.0,73.11931814329293,8.0,0.0,1.0
2.743602608870381,10.0,328.5559097730388,13.0,0.0,
17.543156364195145,7.0,881.4862734225493,29.0,,4.0
8.93530001565133,8.0,947.4238981301208,4.0,23417.33117233307,8.0
82.8926753830219,12.0,946.3753215233751,,5662.789982156523,
0.394848653483079,9.0,273.15718218121333,,0.0,10.0
14.88814310629965,9.0,782.55314889554,7.0,0.0,5.0
,11.0,949.329811311541,17.0,25446.35140370342,8.0
6.264700275385302,8.0,307.6656692801409,26.0,,10.0
50.717520116616924,7.0,191.90517861464775,29.0,0.0,6.0
58.924533703069415,,605.2714145594521,2.0,1430.5853881072226,
36.93035248578321,11.0,1174.1536639065118,22.0,,3.0
7.036343310584805,12.0,1790.5057745341483,1.0,5124.357357318575,6.0
9.52521995685715,6.0,171.4034933991088,26.0,0.0,10.0
5.479298489301227,12.0,1563.7304304669233,10.0,9988.559884375383,7.0
6.102571091524868,13.0,345.8563516647653,27.0,,2.0
1.115243874137801,,182.66666296153113,4.0,0.0,3.0
58.41349334175996,10.0,2228.2936411868823,24.0,1655.4371187871398,6.0
22.555230849149588,10.0,1051.0807486268016,29.0,0.0,10.0
11.914161145355571,7.0,589.5044870645428,6.0,0.0,9.0
10.25684118482855,5.0,1126.6224454027729,,0.0,9.0
23.603718070863977,8.0,572.047364207553,13.0,0.0,8.0
11.866252220186574,12.0,290.2699119972876,,10472.932369665712,8.0
59.79086481786323,10.0,,18.0,195788.4836955255,
7.108050348080909,10.0,1651.7769319604768,1.0,1774.9235115407305,9.0
,14.0,188.56646384955147,25.0,2370.7701896472868,10.0
32.72757943890218,5.0,218.78396776985016,8.0,19010.466483506978,9.0
94.13908041014173,11.0,241.2166316547765,24.0,11170.497831784885,5.0
0.4566755548315179,7.0,863.3960092517079,24.0,23778.624562191762,6.0
1.8274110649270907,9.0,783.0590819734765,9.0,0.0,5.0
20.848139128243762,,,18.0,0.0,1.0
73.0419793180671,11.0,312.94400409412657,,,4.0
39.368457833540425,9.0,667.3580324030543,,4753.2072924771255,1.0
29.196622736315383,7.0,971.4789002234569,6.0,0.0,
0.9633683976765941,12.0,125.02004481241391,17.0,10865.583696836526,3.0
13.116280493436957,12.0,484.5233734312405,5.0,0.0,7.0
12.732690552587597,12.0,396.7132872787311,26.0,13267.951354932144,
23.43219574618628,9.0,679.0031441223405,8.0,10831.42005149565,7.0
8.945218783209326,8.0,594.4238547547668,7.0,2288.438507608581,10.0
9.324661053102522,8.0,,26.0,0.0,10.0
29.095555776357283,8.0,186.36237818693797,27.0,0.0,1.0
86.77769988069048,11.0,121.9004716007061,21.0,23220.251810548678,9.0
32.38009726706645,9.0,817.8876864729883,21.0,25945.732924635653,5.0
,12.0,223.58392567689063,23.0,36119.061752999594,6.0
128.52482091849635,16.0,,8.0,9804.58680088543,9.0
4.9985785721683325,15.0,205.35330454796875,23.0,,3.0
1.0326125458512716,6.0,1716.447950048724,0.0,421361.4395010823,3.0
41.05527782357896,10.0,741.7206749587237,,1829.9827249290602,5.0
17.329666147699008,,627.9132305454754,21.0,0.0,7.0
,4.0,402.2544490966093,23.0,9016.928321867546,
7.658513389149495,,629.5401553115282,3.0,27763.148539631486,4.0
21.209050057296267,9.0,233.51057403246423,27.0,3736.2908079902527,2.0
17.511156720894256,12.0,175.04056273176786,19.0,5204.018995844176,9.0
12.714219430301771,10.0,991.3425290409753,28.0,0.0,10.0
,8.0,,17.0,6293.030040192871,9.0
14.527203662091564,14.0,109.02338834777765,9.0,12985.77261909889,2.0
84.35054525295183,14.0,691.238658878532,0.0,3948.2670783749713,5.0
117.74057141951485,,204.640078796569,9.0,4838.050259757845,1.0
54.95887450663634,4.0,119.03425124236547,8.0,,8.0
139.42383217695811,8.0,13.795722403142305,22.0,,6.0
9.265922223816563,8.0,1763.410205958841,24.0,0.0,10.0
,8.0,314.8884682472078,,3760.541798826137,10.0
15.658063898770262,7.0,88.22414294966961,,2292.579541656243,
41.12874465972848,15.0,,,11840.02329551484,2.0
6.746576071701774,4.0,1093.0731604333416,25.0,33765.24318640841,10.0
50.13239334655446,8.0,375.3542417025914,12.0,20552.285224596188,5.0
,,14.384678241970724,4.0,0.0,7.0
9.4642505587744,7.0,227.17772075066367,1.0,,9.0
51.77116699879281,10.0,139.26314781542575,25.0,12968.103191527936,9.0
41.249859709002415,10.0,505.84697905553367,,1823.8540316199897,
20.86931413548301,8.0,365.79621105630383,8.0,22716.664515087203,2.0
33.51484773096748,7.0,219.8240042995313,18.0,0.0,6.0
6.158152152876288,8.0,522.7800926979859,13.0,0.0,1.0
33.05725747557297,12.0,,16.0,7364.979403785772,2.0
0.2402444138547038,12.0,1184.8441137595564,19.0,5807.8708348651635,3.0
53.731647653068535,12.0,,19.0,23168.933537140103,5.0
21.787943408812072,,354.3455668535469,10.0,19165.88442296814,10.0
86.40706300267611,11.0,,21.0,13185.483624595161,1.0
19.512072869462685,9.0,113.08636059803077,4.0,1676.43375055686,10.0
17.02649772562224,,139.5690831207134,11.0,16535.98922848121,5.0
17.937990837226796,11.0,765.2512975562412,28.0,0.0,5.0
13.375894850526958,7.0,292.01208033251413,20.0,14267.844581281752,4.0
5.469949723684526,11.0,263.16921553430257,8.0,0.0,
55.3667199230137,9.0,1090.5287804849802,28.0,8530.327078055143,7.0
14.783943394389162,19.0,470.9440770286415,26.0,0.0,7.0
22.59382259810011,11.0,40602.26100817729,16.0,348524.51283063623,1.0
,7.0,829.9417583948432,7.0,0.0,7.0
1.8643655265258758,9.0,63.93183275242202,23.0,0.0,3.0
,10.0,530.2283739052687,26.0,0.0,3.0
63.41554474938516,8.0,,7.0,,6.0
20.400759186174707,16.0,,28.0,0.0,6.0
5.408793366164879,9.0,658.7246112474762,11.0,13642.00925848842,4.0
3.703267424773931,8.0,418.20044095428085,29.0,,5.0
69.01402052768448,11.0,,28.0,16219.644296301163,3.0
36.283418259570205,10.0,108.57679209466922,18.0,,3.0
101.61488885435793,6.0,284.4332415284815,9.0,13604.94834878837,9.0
2.578131669058562,9.0,329.84708608149043,23.0,5107.816695437349,5.0
69.87183176411686,19.0,349.7158862984314,1.0,,1.0
56.05253823949745,10.0,1550.5548113717784,23.0,0.0,9.0
67.09975876241569,7.0,52.82169124014615,27.0,5814.226901714603,10.0
0.17338879553202363,7.0,239.44286674073118,,13824.751912344034,
40.63264972611483,12.0,361.33684983594856,13.0,0.0,9.0
23.88452189218055,9.0,1649.944514380991,18.0,4850.355116359207,7.0
25.54174720935762,10.0,350.90713273984886,3.0,0.0,10.0
19.001211618055397,11.0,746.4405254908351,8.0,28234.607410471242,10.0
40.7226856268424,11.0,691.7054771522689,,8743.909144290745,7.0
262.07736071346636,,417.8672120138145,8.0,6079.326478986104,5.0
,8.0,70.03527863785972,25.0,,7.0
34.00080951741078,10.0,123.43561337012336,12.0,15607.082014749707,10.0
31.877471370786363,8.0,137.31070677556136,24.0,4991.856839955908,4.0
35.64413228410162,8.0,19.713383971225262,15.0,4221.10777747623,6.0
12.561638562390224,8.0,,25.0,4120.542099968226,2.0
11.579570564628149,12.0,471.46332251983296,21.0,,
46.021284328711396,3.0,,0.0,22950.063198608746,3.0
1.6364740039831214,12.0,96.20777092043578,7.0,16035.288579549806,2.0
42.7196050066259,12.0,613.7680051559053,28.0,5107.038462167143,10.0
50.434718253497365,6.0,,8.0,3762.7680364728267,2.0
22.119114338278163,11.0,72.70689916364569,23.0,,7.0
72.28777405711834,15.0,1904.7757748134525,12.0,0.0,5.0
19.221619772893977,14.0,7.422461701406865,16.0,0.0,6.0
5.88360975373195,10.0,196.82373317568397,27.0,18723.544837227655,3.0
13.454246480371998,5.0,17.78077196623533,21.0,359.62294045544695,10.0
70.89155933308238,,910.2282396668392,24.0,17988.66869987845,5.0
152.19905101909103,15.0,437.97728479672145,8.0,4639.981745356933,5.0
16.437863698609174,8.0,24.569835389132777,6.0,0.0,
5.476123044189764,8.0,477.7265236016716,22.0,0.0,10.0
10.120007994473733,,65.67910221661784,19.0,7959.1949829111645,4.0
24.175795886011194,10.0,342.3243056817322,22.0,0.0,8.0
25.465686499214783,13.0,553.4425791550859,9.0,0.0,6.0
,9.0,80.38201913028686,20.0,0.0,2.0
54.11861260957666,7.0,343.6326640554376,26.0,14846.583600803868,2.0
37.26209624561803,11.0,,25.0,,2.0
9.067235373158105,9.0,1236.9861852880604,4.0,7248.783379925088,6.0
,14.0,,16.0,,1.0
