num_rooms,area_sqft,age_years,distance_km,num_bathrooms,has_garden,near_school,price
3,,53.0,10.107195651327883,1.0,1,0,109925.33583549576
1,,11.0,62.38911921982322,1.0,0,1,221545.263706163
2,,111.0,6.0937629476608866,3.0,0,0,108929.99130385477
7,,24.0,5.533371929026204,3.0,0,0,138302.1859488126
7,531.8544759221741,59.0,4.465056672775671,1.0,0,0,66514.79940562374
2,2057.914660956223,115.0,4.488348130072968,3.0,1,1,198578.15587889837
6,200.0,74.0,3.226465484413956,,0,0,74371.01342812026
6,691.16890981264,85.0,,3.0,1,0,134589.91711030708
6,2622.323827169752,115.0,20.462546439098872,1.0,0,0,299897.07656974316
7,1224.5093354585115,109.0,3.8078177110795663,1.0,1,1,181580.26555926586
6,2073.1625544421095,33.0,3.641730483816346,4.0,0,1,259964.72665606273
2,1841.9994567136139,12.0,1.0929489762609021,4.0,0,0,233101.6002001589
3,,109.0,20.958218535411632,1.0,0,0,164048.6420993415
5,200.0,37.0,4.648426513553262,,0,0,104154.64195568408
3,,11.0,8.50070950187629,4.0,0,0,70897.65981160292
1,425.82426812976405,,23.063695337744523,1.0,0,1,-6246.114764457384
2,1885.640582640248,35.0,5.244186728667398,4.0,1,0,199110.18182515146
3,2035.6644587842443,27.0,16.44381610867373,4.0,0,0,237892.4508378729
2,796.9483367695044,90.0,5.6262014242747345,,0,0,66891.38152280184
7,1436.98253646648,38.0,12.0711419672889,,0,0,214585.08323191275
1,1506.4917587777688,76.0,,,1,0,149061.64434801982
7,1562.5561053547403,42.0,4.988297537073422,3.0,0,1,270622.78974480525
4,890.4106831033345,103.0,46.78734873952878,1.0,0,0,93733.44874407911
4,2810.4444786967524,,9.476520007423133,1.0,0,0,324444.2294188032
4,2042.299349100269,114.0,4.579030283136273,2.0,1,0,262212.2463312664
2,1558.4670118326708,,2.9816277306971255,1.0,1,0,205341.39536077503
3,1084.9358552640917,1.0,0.40578659784403887,4.0,0,0,206141.92362659276
2,833.145238797969,116.0,12.261036967748048,2.0,0,0,34451.99071049398
7,,81.0,4.654658257794719,3.0,0,0,256148.02765202764
5,1120.982361784608,89.0,17.21790391546542,2.0,0,1,71085.0852437655
7,1606.9855412762777,116.0,,3.0,0,0,191729.8327373272
3,200.0,41.0,4.67333904015685,1.0,0,0,36654.95350649907
7,,30.0,15.1041194657032,3.0,0,0,169976.20764819963
7,1412.7296823066608,60.0,6.7229932862817385,3.0,0,0,174354.0157218097
1,2274.249768643628,101.0,21.61908530762417,3.0,0,0,205096.32070828765
6,762.1407549858109,55.0,8.919292880276405,2.0,0,0,91087.42609714388
4,311.33340836225307,85.0,2.7528564466440644,4.0,0,0,30452.73101288998
3,1855.777809659342,99.0,8.399591811867609,,0,1,224226.43055608968
3,1448.7548522834084,82.0,,2.0,1,0,167435.7835440801
4,200.0,,3.745441874451283,2.0,1,0,125644.14256020749
7,200.0,13.0,2.3313371283909445,4.0,0,1,93660.28174979478
1,982.4992783437879,113.0,10.618595866357335,2.0,0,0,6757.277295832551
2,1433.0020898786297,28.0,1.462271680037053,1.0,0,0,187516.51645985982
2,,80.0,3.4262756732609754,,0,0,290831.60448465846
7,635.0885338613687,49.0,,1.0,1,1,176825.1461869105
7,1931.0217015351598,49.0,0.03298663476956443,4.0,0,0,276703.53292635386
6,200.0,62.0,0.478954612010022,2.0,1,0,60261.5983558941
3,1788.7687101800411,100.0,3.726970841998172,1.0,0,1,255722.39888878306
4,2705.2678769068593,,2.5148702585032536,3.0,1,0,279706.54425866215
7,1613.3637733231453,64.0,1.2432446517306464,2.0,1,1,235902.61288332008
7,965.468327381178,67.0,1.6742702079533371,1.0,1,1,174825.07695428314
5,2486.028924000455,70.0,18.050694232637657,2.0,0,0,295926.7028294669
1,1779.1054650429373,10.0,11.498621382500394,1.0,1,1,167018.92176613028
2,1622.875685388409,13.0,6.618763127038539,3.0,0,1,218382.06465332722
1,685.8136479284316,105.0,23.955206330945472,2.0,1,1,33871.35165067534
1,1791.0159253822642,82.0,0.2999827346474487,1.0,1,0,194744.70439686507
6,952.2270765215458,103.0,4.230207138433069,1.0,0,1,159263.9003797759
1,1749.1536677032002,2.0,17.33775795198657,3.0,1,0,237830.9884696593
4,1538.8313118581082,7.0,,3.0,1,1,214589.8136324326
6,,92.0,40.00167814981866,1.0,1,0,312882.38172135456
7,,113.0,28.916411824624717,,0,0,116794.63919680542
4,1380.5226170697747,100.0,1.8626029273032105,4.0,1,0,160997.04089418048
6,2138.65058952091,115.0,35.75086490731809,4.0,1,0,286132.61173348496
4,1311.169942757167,42.0,29.10193055850611,2.0,1,0,163358.00348502942
6,1482.779083448947,8.0,4.677836074366182,2.0,1,0,264377.14123776054
6,1174.614894787856,18.0,40.675249463198064,,0,0,172848.12212712312
3,1369.083328947977,11.0,0.36502329725296595,1.0,0,0,173442.15664693815
4,2036.7660576766496,,10.810196159746074,,0,0,253034.80048372963
3,,100.0,3.0944763885256252,2.0,0,0,316899.661839304
7,200.0,111.0,1.3864512732992649,1.0,1,1,55761.98281573517
6,487.98485734922906,57.0,8.616484981906346,3.0,0,0,79231.03832814256
2,1386.8190372275224,24.0,,3.0,0,0,214406.22410129974
6,1539.7150108540152,44.0,10.990884334404956,1.0,0,0,192854.68931831815
2,1325.8784873719464,101.0,7.764875992917165,1.0,0,1,142569.46862423216
2,1057.3771417055436,47.0,4.985502765863845,2.0,0,0,156187.95823601843
2,514.1139965429254,49.0,2.006755593032993,4.0,0,0,108495.43277782438
2,1011.3880742941664,80.0,9.194211201112347,1.0,0,0,74255.08053819783
4,2153.7892951983104,43.0,17.674413431912747,4.0,1,1,317383.9596134628
5,,,9.163019032097573,2.0,1,0,228362.5260174108
4,2040.449518323922,32.0,9.429493249083261,4.0,0,1,297592.3365524632
7,537.2687440230966,102.0,7.171066584621642,4.0,0,0,61980.859820021185
5,2655.3146565702937,77.0,4.914154220342917,3.0,0,1,325175.7207985349
4,,27.0,6.114898539473332,2.0,0,0,139814.16575462266
7,1880.1613023576783,17.0,45.603648191678516,1.0,1,0,274913.95312808244
2,1399.9355744239865,54.0,13.849692478915136,4.0,0,0,158071.51735007277
1,1067.9885291439502,,5.631009159099264,,0,1,195316.26313735358
6,1846.2548330122581,115.0,6.111919643518068,3.0,0,0,242283.42087747503
5,1980.4078377817498,105.0,6.92411466763208,3.0,1,0,237538.02389231347
1,3650.4114323928475,14.0,10.76794617580573,4.0,0,1,429060.252837642
2,2011.4159579822363,,6.272812300008653,4.0,0,0,246364.62787277962
5,1999.41532347266,10.0,11.58932896726499,1.0,0,0,275868.2789985786
1,2415.905298958512,35.0,3.992660718694992,2.0,0,0,275732.0831592531
4,1925.4832163790402,14.0,5.287174522374806,1.0,1,0,244196.37167665924
7,1469.0281848427915,,19.954910923814595,1.0,0,0,212885.0730818555
2,1760.580027394904,61.0,3.9884554787272823,3.0,1,1,138822.86290855904
4,2183.845628521088,47.0,33.36442004586455,2.0,0,0,215499.88562475023
4,2612.610537626784,93.0,1.8935214997826664,1.0,0,1,295935.9558745786
2,291.45223726875224,14.0,2.766495758095988,3.0,0,0,66952.55278502806
5,200.0,62.0,6.230238163965333,4.0,1,0,104471.7223504284
6,2578.7003586704377,112.0,15.965647584572489,1.0,0,0,320695.373942748
3,862.031581754861,86.0,13.15185513037028,4.0,0,0,102525.2186979407
3,200.0,42.0,1.9172485064778955,2.0,0,0,35810.277731106544
6,200.0,49.0,2.7008452287745226,1.0,1,1,98842.1395836577
2,2941.478420508712,59.0,8.562850993587528,4.0,1,1,362310.06179379846
3,,111.0,3.4979118475234774,4.0,1,0,263879.8370727134
6,863.925748289318,58.0,5.487444138869561,2.0,0,0,86115.7766984132
1,896.9965275461092,,6.666886656289851,3.0,0,0,116528.35930267196
6,1543.8906297249132,,,3.0,0,1,229258.8427920936
5,2187.512398255881,74.0,2.8908482176374584,1.0,0,0,262150.01058511564
7,1264.7937910940975,108.0,1.780986580610917,4.0,1,1,171965.3568230896
6,871.1773804774128,81.0,5.084341319867798,3.0,1,0,97500.4557079127
4,2408.037249495753,39.0,0.8558645615052995,1.0,1,1,340380.3129474441
4,1479.3294842270936,30.0,7.481635466509492,4.0,0,0,207324.7534726191
7,1346.6992674740657,72.0,18.301167488735942,,1,0,207189.8093229381
2,1973.6996997962788,85.0,1.2667002508790661,2.0,1,1,235863.98552992355
4,200.0,10.0,,,0,1,21254.742146705925
1,1879.3078409464779,80.0,0.8361837486518677,2.0,0,0,248165.77185142355
6,1828.7329068744268,,18.829626069163933,4.0,0,0,254091.75305228008
7,396.8667610261339,61.0,0.8414809275203965,,0,0,105490.01751670573
1,200.0,74.0,41.02096655266183,4.0,1,0,44229.235148258864
2,1048.5107571510725,102.0,4.436831428234663,1.0,0,0,99823.75856128454
4,1646.3786882442093,,3.986317475018628,4.0,0,0,224394.9602195939
7,1727.8968139286744,50.0,0.9610542323333109,4.0,0,1,260273.98930973615
3,2863.2371838575336,56.0,8.810230443300078,2.0,0,0,388753.414197588
6,1646.7355672169622,3.0,8.816048343973254,,0,0,226628.92637650625
3,380.93867187074784,35.0,6.808349427709246,4.0,1,0,116619.90301913273
5,1299.2228447760015,,3.725432496382235,4.0,0,0,155222.57110163028
2,461.0852840088935,23.0,4.597854373444761,3.0,1,0,93443.29998029575
5,1356.7171570938795,40.0,3.864030397724143,4.0,1,0,236953.206044299
3,2627.1286059863405,48.0,5.553809818883813,1.0,0,0,338922.32485356124
3,1867.3942451034488,81.0,4.182283713527201,2.0,1,1,258759.23764840298
3,923.3721625520093,96.0,11.25523118269369,4.0,0,1,85602.82560803716
5,1973.8726158571124,45.0,3.5067366248725835,1.0,1,0,240118.75737071043
7,877.7742690364807,35.0,4.3207333523977205,2.0,1,0,203044.3329101656
2,200.0,9.0,,2.0,0,1,93243.22443363667
6,513.212872063899,118.0,0.03969703126572904,,0,0,57634.3370619457
7,1866.7523214826383,77.0,6.774363922948821,1.0,1,1,288936.14581037866
6,2117.8688322354474,6.0,2.9547207346523594,3.0,0,1,285466.1301978559
1,2874.118149344645,11.0,0.577885048021213,,0,0,322166.18045312667
1,1772.9437032026851,85.0,24.19358249853662,4.0,1,0,191215.65479019418
3,2577.727434726884,90.0,3.8922578343931677,3.0,1,1,286329.85815250984
2,2004.0745265052035,47.0,5.552744366799777,1.0,0,1,238209.7258240307
2,2249.922168377626,36.0,17.564492285825487,3.0,0,1,357630.85691595665
4,2381.376389271263,74.0,1.8246833246944085,2.0,0,0,267041.30052769586
4,1889.6137251362247,35.0,18.99180837526931,1.0,0,1,253802.76393670277
7,2359.8789773445087,59.0,2.7659436631507734,4.0,0,0,270102.9159029616
5,941.1575604938259,76.0,8.892542624472378,2.0,1,0,152970.1315672235
4,200.0,95.0,11.573385502907014,,0,0,-8134.299655494189
7,2020.591763274527,7.0,23.540251967657287,2.0,0,1,310688.10258953576
6,,6.0,9.355703823910696,1.0,1,1,293148.78910415823
6,799.7823211399984,106.0,6.03730334656845,1.0,0,1,105336.02714843219
7,490.03807866827105,42.0,8.49261609411615,4.0,0,0,76833.46470477103
5,1604.5399199140954,57.0,2.257500236391127,3.0,1,0,219852.32859833844
1,,80.0,11.682014119309184,3.0,1,1,237391.43755059168
3,1915.928057869268,85.0,2.068774545524076,3.0,1,0,224511.60761708446
2,684.2837314039681,45.0,,3.0,1,1,134269.04148977323
1,863.6930565034355,33.0,10.429987747598105,,0,0,95244.65955843717
7,2035.5882841397738,,22.885163278897913,1.0,1,1,251118.93411585694
6,1558.1489000509605,116.0,,3.0,0,1,200126.2940021504
1,2348.123131796601,71.0,14.931369816158533,2.0,0,0,178385.77538007166
5,1241.382448227786,21.0,1.8335868038588106,1.0,0,0,246762.27944349693
3,2091.619840643435,90.0,1.698356061953976,1.0,0,0,183861.36132930213
6,1468.2801391763849,97.0,7.4401533106013575,1.0,0,1,212355.39831309306
5,921.759010321622,20.0,9.071842349440146,,0,0,170113.1683319205
7,2242.5302668080926,14.0,10.005995116252876,3.0,0,1,295185.6438866614
1,,4.0,13.691385355691391,1.0,0,0,105390.49657859153
2,1559.3215167448886,101.0,3.494603004110321,2.0,1,1,149885.7493034502
4,1641.9891323822515,16.0,9.74470106915344,1.0,1,0,236152.4285924953
5,1403.7690307969629,71.0,2.0842628454156804,4.0,0,0,196438.9531073621
6,2292.639600100291,,2.4717719579792146,4.0,0,1,323925.25082649593
1,1958.0923136454617,4.0,0.6968120301905594,2.0,0,0,212760.45677252387
4,1862.7427913778797,22.0,13.743681070111753,3.0,0,0,260717.26065074577
4,,82.0,7.0723184618833255,3.0,1,0,192207.39034685955
1,2985.0621706899897,13.0,2.720524611330524,1.0,0,0,357573.04987638554
3,2671.7338071054405,9.0,8.124662781813413,3.0,0,0,342125.55840470886
1,2235.543292670762,30.0,4.373276688539157,3.0,0,0,221593.96005132323
6,2104.082184634717,,18.152937012793004,4.0,1,1,282315.70864419057
7,1018.1934581743632,21.0,7.510896492572407,2.0,0,0,161754.0671315561
2,1460.736636618545,,0.3026409544177144,4.0,1,0,204507.5067042679
6,2008.6567225180947,,42.06077763022142,2.0,0,0,241546.49145162024
7,2341.264836341195,9.0,0.7720349181972913,1.0,1,1,396897.9775708215
4,,30.0,,4.0,1,0,308114.79428459704
2,1964.7698357788813,,5.749301754421277,2.0,0,1,243978.94000593957
5,,,2.8677289457273405,3.0,1,0,377249.7181717357
4,,,11.284270681594053,2.0,1,0,132716.71019287794
3,2310.551843608311,93.0,1.3455746594917009,3.0,1,0,291320.1090579714
1,2213.1520373873313,97.0,19.536670453332864,1.0,1,0,214551.14491683716
5,1855.2527823386886,,2.8849838676317536,3.0,0,1,209508.06616049574
6,1884.4001865085268,34.0,4.485610272614573,2.0,0,0,242739.48291898135
2,,110.0,10.014228838161245,4.0,1,0,198797.11872503403
5,933.4109446682533,,0.010298456744307863,,0,0,57158.43519661711
3,,,,4.0,1,0,224478.80566585588
1,2098.6245177188785,,22.466672625419992,2.0,0,1,227344.65743016088
5,1757.54915535171,67.0,,2.0,0,0,224942.91622103585
6,200.0,46.0,,1.0,1,0,110508.65693041374
2,231.0649064473066,5.0,10.800587592415827,3.0,1,0,44892.99662401415
5,845.4144131981282,,27.57809276742396,2.0,0,0,118770.8280469885
1,1410.458199675967,27.0,2.080152099665636,4.0,0,1,124881.7090349461
6,888.3624759139909,29.0,7.588768296646817,3.0,1,1,182823.12923868574
5,2016.7296123353615,26.0,2.6753647288332245,1.0,1,0,289956.79250082304
2,2453.5991324258266,68.0,19.25688466628855,3.0,1,0,330300.8818193695
1,2566.9357929183634,107.0,12.767236266503657,2.0,0,0,248330.31061005252
3,1769.4490179099719,38.0,16.148320358420644,4.0,0,1,186911.78583125686
3,2367.3288135638927,34.0,28.649119712463875,4.0,1,0,318685.20714937017
4,1049.9585811050133,102.0,2.643676792602394,3.0,0,0,163617.5123810105
5,1378.6770623726368,,,4.0,0,0,200876.80875464084
2,566.409454287469,14.0,3.4376396501076316,2.0,0,0,78674.82224335911
5,2465.5194791773847,82.0,5.093921660380576,,0,0,266885.3989858624
1,3072.7566816052404,93.0,9.81255494967567,4.0,0,0,357694.17616037204
4,1221.1218267721367,,15.98026088081596,4.0,0,0,129692.33747595247
2,200.0,31.0,4.304803281027914,2.0,1,0,63232.859588479594
5,735.6785079147579,103.0,6.414982242277683,1.0,0,0,90773.72820271361
2,979.8621823310735,28.0,,4.0,0,0,180165.84380451444
1,439.03776850904774,62.0,2.5531650261623455,1.0,0,0,14196.113184525406
4,675.7538795413234,,2.447910875302512,,1,1,117231.16950314
2,1663.694580472369,89.0,,3.0,1,0,217876.78396546375
1,2027.7779755102165,26.0,5.72801795890595,2.0,0,1,269753.5186223395
3,,98.0,29.73908220822119,2.0,0,0,28166.53014858217
2,,27.0,4.416580566263348,2.0,0,0,133707.3621554599
4,1530.1409637668703,4.0,14.25266415779683,2.0,1,1,238570.83292897674
7,646.5859562522711,40.0,8.74891488307879,1.0,0,1,84545.01015732421
6,,55.0,0.5612187212286818,2.0,0,0,230179.25057227493
6,1405.7362259253966,111.0,0.8815990685337984,1.0,1,1,196227.76057083826
2,1141.12750283995,53.0,,4.0,1,0,153074.10494887078
2,808.40671059469,79.0,1.5449546591634824,4.0,0,0,54313.12140127702
1,1718.726231800315,104.0,3.99539931157107,3.0,0,0,130068.19563897657
5,889.2099002290993,17.0,8.650961178522408,3.0,0,0,176935.65224705456
6,200.0,76.0,9.222146009090856,1.0,0,0,69853.90221040786
5,1517.6794588407486,42.0,8.861684601655748,2.0,0,0,201494.9276182303
6,508.7813917521096,,1.2511959648640847,,1,0,122652.4567147971
2,200.0,73.0,9.168544178664973,1.0,0,0,32933.78633681803
4,1603.6176626159086,28.0,5.272038287523806,3.0,1,1,181500.81720506903
4,1369.6726749712143,9.0,23.335873886742178,2.0,0,0,189742.5708098261
7,806.9307062497104,5.0,24.302388909429375,,0,0,197200.54683066873
6,1683.1521951170214,79.0,,,1,1,185385.40396342718
6,1839.1458492908387,88.0,12.143839833873837,2.0,1,0,204533.0663202592
1,1691.8628303388587,107.0,,1.0,1,0,192955.67099169502
2,1662.819804171897,3.0,0.8849707455010576,1.0,0,0,256543.22061790604
2,215.69357835215555,100.0,18.3780565431263,1.0,0,0,-18027.503112665636
7,2534.5896418796856,33.0,5.568971655409562,4.0,0,1,341898.1207530653
5,1945.9764224734959,,6.0031693725947735,1.0,0,0,189742.88010354634
1,739.3672651737797,32.0,18.825144338823097,3.0,0,0,68127.74456539554
3,1490.5935532848953,3.0,9.71356816030097,1.0,1,0,175298.28331466747
4,1642.6327529005268,43.0,1.9772832292488296,1.0,0,0,204383.38268845543
4,1468.5280352581115,97.0,2.3700572505421653,1.0,1,0,221335.64843060338
2,2934.448793448386,75.0,0.06397590042391316,1.0,0,0,295781.2695614105
7,200.0,30.0,12.40187698480209,1.0,1,1,82710.81655887394
1,319.0420474352727,79.0,6.647767705738959,4.0,0,1,32620.494061362027
3,200.0,65.0,29.95010790626038,2.0,0,0,-10772.046356366824
4,1563.9008434161801,112.0,12.518082287733542,4.0,1,0,195149.49213730372
1,1935.2119506451304,57.0,,,0,1,237704.6633957983
3,1789.279227316402,59.0,,2.0,1,0,232037.56957820145
6,1268.7005625723991,1.0,6.966024366546064,3.0,0,1,212622.84318304487
2,1825.2322350015843,35.0,25.885908201345167,1.0,1,1,195823.54773008538
5,1262.8403883215537,69.0,2.8402355949086244,3.0,1,1,169210.9032164081
4,,59.0,17.462902528060248,4.0,0,0,261236.5418017418
4,2385.8354059084886,22.0,3.7436247896098336,4.0,0,0,257130.11781166474
3,755.0495740371663,102.0,,1.0,0,0,1270.1398359130108
5,1269.8900311703896,118.0,23.166104838753327,1.0,0,1,131841.13784400234
6,1399.4676917819827,46.0,0.48393914363042423,2.0,0,0,216155.3856976744
1,2640.3466236237055,115.0,10.809915656826263,4.0,0,1,268741.9249772038
2,849.2463551956342,107.0,0.4412694389686483,4.0,0,0,19642.071672680613
1,2378.1302492772807,100.0,16.132641560347373,2.0,1,0,288642.1894709067
3,327.1522636813843,45.0,17.68459171539404,4.0,0,1,44559.1364664915
4,2494.8364808782453,79.0,,2.0,1,0,337286.40470551926
6,2181.506727501636,106.0,2.059055598796832,4.0,0,0,249003.55116795795
4,1375.47396936808,43.0,1.3295802094936877,3.0,1,0,206108.22042416022
1,2233.338969477747,,7.002423852151606,3.0,0,0,282511.58926032245
6,1099.2475702427346,48.0,3.1694971735954605,2.0,0,0,197094.52452077795
7,761.7496400140526,,9.321596605477612,2.0,1,0,157712.77709256648
2,2865.1699645974463,57.0,7.210268119740178,1.0,1,0,324156.0949013689
3,1067.0550763732313,90.0,,,0,1,109103.77825833399
2,2041.6019178509887,6.0,13.442717839782583,,1,1,257263.0984207045
3,2387.073135257365,93.0,16.285411148671308,1.0,1,0,284352.0023864913
2,,,32.9800081028763,,1,0,219386.92989593025
7,1979.4173366982002,77.0,5.034179225936146,3.0,0,0,219822.7365333381
1,2044.1408640506208,115.0,4.120894036089563,4.0,1,1,283129.9812509861
5,2345.9625115473546,107.0,,2.0,1,0,350435.30729717296
6,1754.1773880103472,14.0,1.9950644094744694,,0,1,297880.1458907883
3,1468.2863376840694,75.0,3.8721263076204675,3.0,0,0,182059.35740037315
1,404.84755463744455,52.0,40.07251818027618,1.0,0,1,43823.91973239851
4,1754.5014898989568,116.0,0.967958250254563,4.0,0,0,215595.33757911331
4,2322.670701566305,92.0,3.0024897567769737,2.0,1,1,336460.37525746203
2,619.4222402692068,,0.8990107200319624,2.0,1,0,83285.6088993383
4,1316.7546222866483,76.0,3.1969766950081486,4.0,1,0,151322.71417930195
5,1840.2984854391907,72.0,,4.0,0,0,234089.16077408326
3,2709.8926378970154,87.0,7.099045375843279,2.0,0,1,327423.1111087521
2,573.1446739629354,102.0,5.768864648587187,4.0,0,0,28401.43383912634
3,2134.7619910675476,,1.9122143998901358,1.0,1,0,237518.60523910858
3,1213.7704732153502,64.0,1.9213906372413612,4.0,0,0,186193.1176194278
7,961.0939388555878,59.0,9.83791165064044,1.0,0,0,127767.39208867225
1,765.5933879082401,9.0,4.895883055275298,1.0,0,0,139962.134045236
4,975.565971351247,101.0,0.5783563493761268,4.0,0,1,135289.51619314306
6,1899.2851535839382,57.0,25.28139044077454,3.0,0,0,309188.3583690739
3,1317.782979004829,46.0,5.1911402084296245,3.0,0,0,229069.7607698292
5,2071.389974185367,14.0,8.941564007425843,1.0,1,0,314991.322750415
7,602.5209245214903,8.0,21.664117551679546,4.0,0,1,194157.5975622887
5,2057.597682338519,12.0,5.144304421128267,1.0,1,1,319525.4719894664
6,1847.0347240152073,,17.184720532154206,4.0,0,0,277373.706453024
4,293.76284432864736,32.0,24.621932582082586,4.0,1,0,72678.99680118919
4,,8.0,1.9124208707380004,2.0,0,0,346991.7475141553
2,1771.9239437325766,2.0,22.301942943699768,3.0,1,0,262730.45296646975
2,,93.0,1.2764298816391944,3.0,1,0,276116.79714996484
2,2424.9085989165114,72.0,3.2175937664597347,2.0,0,0,232072.80678675027
4,,115.0,16.513618036645962,2.0,1,0,342305.2150873956
3,1399.1180667534738,,23.09454113667963,2.0,0,0,227701.0735436812
1,2080.128106722722,110.0,11.524523655856314,1.0,1,0,198692.2901470435
6,200.0,,1.1073699809669972,1.0,0,1,57038.08301576221
7,1815.0129938432328,,7.402225972495068,1.0,1,0,251785.46520929167
6,2885.9880061565,70.0,8.5011474520073,1.0,1,0,393753.4351498137
6,943.6980276129897,,3.3109036689853015,1.0,0,1,150672.48344331715
2,2232.3628168618916,88.0,47.4395040395813,,0,0,245346.41536390365
1,2918.387081677618,19.0,4.089129804838207,3.0,1,0,332406.2841069965
5,2051.365495719261,80.0,2.360448783105916,4.0,1,1,336157.95743431523
4,2320.3253801135916,53.0,,3.0,1,0,276789.3014378685
5,,99.0,4.756213967914951,2.0,0,0,44975.2787991341
2,752.0607348489248,89.0,,3.0,0,0,41849.10873290153
3,2643.7882129520563,18.0,2.6320684061532713,2.0,0,0,332777.6778022683
7,2268.2801218855748,59.0,14.676962677615599,3.0,0,0,322128.331770472
7,,36.0,1.4548977300196733,1.0,0,1,282115.55335787876
2,1288.3107182122571,,5.806544355868867,3.0,0,0,121236.60129288811
1,1727.6968380296585,2.0,12.119167410250306,,0,1,201646.9446359265
7,2890.5174066609115,106.0,,1.0,0,1,342680.0983599928
2,1418.4781025796576,91.0,9.109107549256711,1.0,0,0,161877.65461870964
6,2059.400871063011,85.0,16.042141421949538,4.0,1,0,249186.9427289408
3,2038.3839683757542,,9.052244306041256,3.0,0,1,197401.79277412643
3,967.3192618530765,18.0,7.163419603335765,,0,0,115792.68179607119
4,1029.052285196612,52.0,18.220097492788405,4.0,0,0,122077.53995668922
4,2721.6106089807936,119.0,42.281285582601775,1.0,0,0,251801.15625541174
6,1956.1039564142766,,2.0005338336147034,4.0,1,0,244485.75836537493
3,955.7259047201009,79.0,11.755354764219065,2.0,0,0,117952.35853273433
6,1250.9765728963712,55.0,0.8409659746019387,2.0,1,0,213998.28975570356
3,711.529743462755,,0.4378578217596036,3.0,0,0,90072.72082925276
1,2353.2013273448333,100.0,3.2964217302328325,1.0,1,0,297650.921446797
2,1298.586538343705,,35.37697354227709,2.0,0,0,123750.74497068228
4,1309.2434662803503,52.0,8.033988637635579,4.0,0,1,116940.58668775132
1,2172.734909224349,112.0,3.12345522206454,3.0,1,0,252350.3666537404
7,200.0,111.0,1.422390186627115,,0,0,-14336.452125928845
2,,33.0,25.280238138626707,1.0,1,0,183266.64242976156
4,1491.2790423204956,30.0,,2.0,0,0,210949.60775070256
7,1271.513186088764,59.0,3.6628853591032815,,1,0,268806.4487158966
6,1060.3697611376406,10.0,19.516707333999854,4.0,1,1,174989.25248413792
7,931.952754703592,99.0,9.27358837274544,,1,0,130360.28365226701
1,1725.9603914121913,5.0,1.8468768784546157,3.0,0,1,233893.25809327536
5,691.9308329123659,26.0,,3.0,0,1,136449.66371239378
7,1628.947937801487,6.0,26.343035999932138,2.0,1,0,259268.890370818
5,1057.6760493033607,48.0,23.146938546839788,2.0,1,0,166531.63323749608
4,1110.8755841396696,,0.7268875649688266,1.0,0,1,103476.55798100207
1,1657.5929248934335,71.0,3.1281281110060917,4.0,0,0,185872.71001961562
7,1101.9274042846432,59.0,1.6787370904338272,1.0,0,0,124417.473634354
2,2513.6357300234167,32.0,7.631656798054482,1.0,1,0,405581.26559563633
7,1387.9471789778866,46.0,,4.0,0,0,231026.9435358168
2,2337.3186886734234,115.0,3.5032828544499166,4.0,0,1,208879.12115281893
1,890.457724756574,43.0,14.188013438052543,1.0,1,0,98061.06636360665
5,872.7189011987139,78.0,11.04777976724862,2.0,1,1,95817.07022651196
1,200.0,118.0,13.027704929198299,4.0,1,0,-38467.84043546872
5,1106.2739401663705,26.0,,1.0,0,1,167219.2028480089
5,1313.915277608594,93.0,5.527104411927192,2.0,0,0,201259.45023223432
6,1561.6224166766979,21.0,4.194139797676585,3.0,1,0,247601.31649339822
6,2057.8805957104537,,11.515296636820533,2.0,1,1,238777.62879011806
2,1999.8363115756013,92.0,,1.0,1,1,205619.4754892863
4,2408.513014139845,104.0,2.125069358464164,4.0,1,0,274940.35780164413
3,790.1589063710413,47.0,18.76008416031269,2.0,0,0,98358.80343183836
1,1524.6593635420516,29.0,0.5959342536882992,2.0,1,0,189050.4704131153
5,699.8659588410037,1.0,0.06414279654435888,2.0,0,1,67477.4420372915
1,1831.387535441223,14.0,1.7248269679443653,4.0,0,0,194500.80851626373
4,2943.404109662314,46.0,38.475088739582745,4.0,1,1,340441.29051633767
4,,26.0,7.414247691160356,2.0,0,0,116841.52116610261
3,,,0.4768655545942484,2.0,0,0,232311.1121818369
7,2338.9125672965147,26.0,,1.0,0,1,260102.70866845344
3,785.817623170175,84.0,13.661437740825376,4.0,0,0,52147.66622561959
5,1849.0625559225755,12.0,18.201902772728424,2.0,1,0,310667.6149585717
6,1212.053462815309,,2.394514635090471,4.0,1,1,174754.26916107844
7,1403.0672857575962,16.0,1.1143384799036267,,0,1,209652.65676814388
3,1185.558483297002,74.0,7.237815430073772,4.0,0,0,127986.75489397459
6,1320.0996976379477,58.0,,,0,1,191742.55606729555
7,2424.423821085966,9.0,10.155053178377049,3.0,0,0,349102.7063995767
6,1436.6870886033328,32.0,9.97119437891855,,1,1,259105.6051523977
5,1018.6646583140468,77.0,14.15089319959976,4.0,0,1,125214.78247358382
2,1555.1980489299876,36.0,2.5750317196528405,2.0,1,0,223079.20177707708
6,,7.0,10.832881507662343,4.0,0,0,83150.76140479879
5,846.4831294574884,32.0,4.977624351881189,3.0,0,0,95294.65843403504
3,2498.8729089994818,6.0,0.7230565841153885,4.0,0,0,380206.85508721875
1,1383.7237484098089,33.0,2.258254020675375,1.0,0,0,193539.85934779517
3,,70.0,15.79897261837357,2.0,1,0,122365.67678742253
4,1638.3758463646616,6.0,22.626982371520896,3.0,0,0,223483.24926053494
3,2089.295946320456,40.0,3.3243094977214414,,0,1,278174.0053795837
2,2562.9931440794,117.0,,3.0,1,0,288826.4917641341
5,1139.179105107675,99.0,0.2708809632318653,2.0,1,0,155331.9665269698
6,1157.5845954330387,54.0,29.507089777392803,4.0,0,0,178226.03760200908
4,1321.4622072217046,6.0,11.515540727586146,2.0,1,1,217724.75028639942
5,2323.328661975702,83.0,31.472555257679286,2.0,0,0,288598.16653444304
5,,17.0,19.939920589296204,4.0,1,1,238734.6557619809
6,3232.7037931129526,108.0,4.162226525965817,1.0,0,0,411842.7790409927
7,1371.193467044239,42.0,1.1955302764336144,3.0,1,0,234475.14474406015
3,2910.7884859341957,104.0,6.912625473176291,1.0,0,0,332265.1841231449
1,785.5755984731849,,0.2717984595551012,4.0,0,0,106933.48804175452
7,388.122347154198,39.0,1.6242084977063054,3.0,1,0,124590.79815160837
4,1418.856885455875,52.0,2.658326902275716,4.0,1,0,208381.86866950922
6,2411.50954441293,13.0,10.955567500179699,1.0,1,0,327930.80388633756
2,,,7.130998659806384,2.0,1,1,131918.16030440546
2,1006.7704582973956,112.0,3.6013744019888567,3.0,0,0,117983.16804413525
1,2320.011756891964,56.0,8.318769739242867,4.0,0,0,275025.06701579667
1,2064.0797895237897,90.0,1.3376301817721257,3.0,1,1,254815.1221166948
3,866.0678786400952,,14.093915670049256,3.0,1,0,128130.04744127844
2,819.2909599777679,25.0,12.449168158499779,1.0,0,0,114004.76914653291
4,2163.4336890735053,,2.4398763222766737,2.0,0,1,249507.55010026033
6,,23.0,9.323986602138097,3.0,0,1,68900.9974344539
1,2363.6188128401354,4.0,6.9977430008217105,,1,0,292031.47304427414
1,,41.0,0.627441978719464,3.0,0,0,275739.0627920428
1,200.0,101.0,3.2594334402913825,2.0,0,0,-38832.089039919636
6,1512.4546198500827,91.0,,3.0,0,1,182520.1417991804
4,200.0,105.0,1.0484471660593817,2.0,1,1,21486.254603512272
2,535.9286669089964,42.0,7.0605271391054805,1.0,1,0,104747.545447657
7,1097.6231912746978,31.0,18.926881839363748,1.0,1,1,202365.91610307456
4,485.76914859067676,87.0,3.576066249689813,2.0,1,0,82564.48497546195
6,3274.5287243553803,5.0,3.0206317185696423,2.0,0,0,455764.62005838106
4,2191.246442891343,,22.145105884860953,1.0,0,1,230040.98363862484
3,2593.9512345304483,109.0,3.635987827447083,2.0,1,0,317194.22497237683
7,,115.0,10.540978560038816,2.0,0,0,172894.3259155952
6,1524.3739254432032,66.0,13.482781589872308,,0,1,183038.25537655043
7,2764.581633918813,6.0,15.540871698424496,3.0,1,0,366762.0078231051
7,1846.985915222415,28.0,52.51364566822468,1.0,1,0,252366.01971790884
1,,33.0,16.25526998986323,1.0,1,1,265321.30363854754
2,771.056331885121,6.0,10.700602752651085,4.0,1,1,174172.79411266814
7,767.3505566595803,80.0,22.582195387900978,2.0,0,1,118859.30803892523
3,1708.8319860695256,76.0,23.617475379760485,2.0,1,0,175072.71638884145
3,1798.3754697676593,57.0,36.18102594173396,,0,0,218942.13267459703
6,702.3271005877236,84.0,14.981884607917719,1.0,1,0,145106.18919165008
5,1786.7655729822836,30.0,2.1682273308898936,4.0,0,0,306398.3934563379
1,522.6643182054283,72.0,,3.0,0,1,70931.55419011565
2,1511.0641597789577,44.0,0.7810040694223042,,1,1,200821.490200053
2,350.0101635942631,46.0,,1.0,0,0,55105.53752552185
2,2562.3924705471613,76.0,,3.0,1,0,282439.5242615846
6,1251.022305092177,80.0,29.945850695949613,2.0,0,1,185047.42106748399
1,945.145192385577,,4.136295146937848,4.0,0,1,114695.74580205877
7,583.4093735583588,72.0,12.490247269863197,4.0,0,0,25344.342083256794
7,506.4117120414719,72.0,8.470409102360183,,1,0,111508.64849708075
6,1849.1281909498998,39.0,1.1374155314919565,4.0,0,0,306756.79089997977
2,,111.0,8.240407932004366,3.0,0,1,218255.8498307928
7,,115.0,10.818246236443176,4.0,1,0,227248.46716913866
4,2617.273250017798,29.0,21.329879603508708,1.0,0,0,332343.73017230065
4,2898.5443664554077,61.0,0.7266278569798756,4.0,0,0,389388.567530491
1,2266.3414922689904,70.0,3.5045715039629304,3.0,1,0,272927.9478222027
2,,16.0,11.78763069897373,3.0,0,0,140994.1299779976
6,1635.5848379364907,102.0,0.34934812069336574,1.0,0,1,177396.09855860713
5,200.0,,2.275952657291788,2.0,1,1,4869.893180957828
5,2010.0641102254494,4.0,2.4675819052019956,1.0,1,1,308950.5636943041
5,1619.4124083146382,80.0,,2.0,1,1,214253.731232044
4,,103.0,3.368172473962128,,1,0,361206.65939958335
6,905.3125906995081,0.0,9.152803980836632,4.0,0,0,179109.70621717372
5,,79.0,33.624127253844115,4.0,1,1,222610.34590044088
2,697.3247490031305,80.0,15.762110012831343,3.0,1,0,81634.3223967141
2,1411.973260592232,93.0,4.048195235095121,1.0,1,0,159434.99206592015
5,200.0,30.0,6.394167990778805,4.0,0,0,7158.216926234018
3,2584.837077305154,,2.2398628393987234,,1,0,324934.58412658214
5,2342.1195109182086,108.0,0.15844880029844602,4.0,0,0,278808.7377764056
3,,71.0,3.420895415532898,,1,0,139694.96925779505
1,1709.4682564572297,,4.610971875383732,,0,0,167725.11274506774
1,1530.7884226727417,119.0,,2.0,1,0,149052.26010026177
2,1010.0849722229485,29.0,28.835944624800575,4.0,1,1,143280.00902357415
6,1598.554929091838,,29.53670850422013,4.0,0,0,196971.68541526896
4,1145.7827546510428,84.0,0.7267639611939072,4.0,1,0,149579.06388886826
6,2284.270936174211,14.0,9.53592055016576,4.0,0,0,329038.04336694896
2,1331.3533403950312,119.0,0.4327568035493621,4.0,1,1,124286.495159581
2,3412.428381716687,97.0,10.443544560941644,1.0,0,0,365387.72768637503
6,1437.7217747645411,55.0,,2.0,1,0,222602.92501826648
4,,,29.262589179305728,2.0,0,1,132276.429245089
2,1922.5268173693464,26.0,19.97593812019169,4.0,0,0,220585.2723670222
7,2169.640803388418,1.0,0.22581893044175555,1.0,0,0,308603.9860566603
7,1562.3795694549856,73.0,15.238646394523581,1.0,1,0,206522.50192179548
4,1905.1035989557297,63.0,10.103188061463237,3.0,1,0,239624.72752230224
2,1646.2431713361013,4.0,6.839281876323034,3.0,0,1,173287.399821421
7,,90.0,9.228987335875502,1.0,0,0,118173.86961383496
1,661.4797601758905,67.0,11.33980620425538,3.0,0,0,59415.412190126546
3,2059.3980977216484,110.0,21.58116639815542,2.0,1,0,262166.03371991194
2,,12.0,14.582530307103285,1.0,1,0,416254.61313872755
3,200.0,80.0,8.565554920995055,3.0,0,0,-43426.18367438486
5,352.350097225682,,17.407754889197207,1.0,0,0,17042.278470995298
7,344.6229437946072,22.0,43.36896990887589,3.0,0,0,78022.8703208345
2,2120.1156404891444,96.0,3.5693500759991887,1.0,1,0,244491.1718358714
1,2186.882365299599,,1.260403141101997,4.0,0,1,258483.90626649835
4,718.9285445961838,78.0,13.14711686050263,2.0,1,0,80023.61408656876
1,3264.629082141918,77.0,38.44193059149217,3.0,0,0,275892.55875903094
3,,72.0,1.240970887545579,4.0,0,0,167709.05259399605
4,2648.5157760793745,107.0,5.651186021986638,,0,1,317706.50097811455
1,2146.8326066577542,36.0,0.6429070351166611,4.0,1,0,285824.0401137781
1,733.5193490702442,29.0,14.98486795817321,2.0,1,0,87587.30346348368
1,1165.573844251889,,29.702344382592763,,0,0,105493.01822989782
6,802.0662779044956,22.0,6.911375102048608,,0,0,83184.85302927397
4,424.54456191472946,33.0,5.2682145645033565,1.0,0,0,40753.688759688404
1,1297.4229787067252,118.0,23.829172611045234,,1,0,150369.72779347908
7,541.1198784296473,63.0,,,1,0,118932.30876742463
7,,54.0,22.2178247235852,1.0,0,1,255618.14453694125
1,3046.3653526021285,70.0,4.977876599430642,,0,0,309829.30586664256
3,2057.3505263631123,116.0,8.196323984145288,,1,0,307987.57898584416
1,1054.2960891212738,8.0,7.513953517709475,1.0,1,0,226122.6888170818
7,989.021343578868,113.0,9.5705849455885,4.0,0,0,109963.77410967957
1,1179.1037550632723,3.0,28.494406310607268,4.0,1,0,142811.12433632705
5,3156.9060750086146,,30.185308424593316,1.0,1,0,439833.1938619073
4,629.316439141596,,17.787342696251066,4.0,0,0,33798.45418730918
5,1498.5847817126066,90.0,2.1262911850463935,4.0,0,0,176224.06915135225
6,1872.2903389854632,32.0,4.057396323691904,,0,0,245461.4884433699
3,,31.0,6.690886230952565,,1,1,302991.28367540386
5,1233.8633611897594,,23.587421898682024,3.0,1,0,188026.35852010976
6,729.8594447284104,108.0,7.3577251646957595,2.0,1,1,98167.3069535431
2,1731.6005779737034,109.0,37.91384701878102,1.0,0,1,99239.01846423956
4,2551.7309847803017,36.0,41.252887328009066,4.0,1,0,374064.5058873057
1,1281.6933577922978,90.0,9.127576292955347,3.0,0,1,164045.27742973407
5,,,,,0,0,112988.9505732454
5,1588.1655033872992,66.0,71.59699650648588,4.0,1,0,204873.6388913119
1,201.13033149212924,59.0,18.952318886034764,1.0,1,0,-14125.764928393055
1,,58.0,10.697654286893297,4.0,0,0,122943.52687266917
3,2442.4205465538307,35.0,18.651919882993933,1.0,1,0,347669.6639596147
5,,48.0,0.8627171801186546,4.0,0,0,307664.0759532638
5,1384.9085808868642,50.0,10.07368504171617,3.0,0,1,201825.36569518753
7,2827.4635144916538,,2.4401233785586007,3.0,0,0,370497.020895822
2,3027.899894327197,7.0,1.23370221935334,2.0,1,0,426352.64578840835
7,2031.2689830161776,107.0,22.337239185743893,2.0,0,1,280925.8340026198
6,325.7829274757944,49.0,10.206654662353216,4.0,0,1,92214.12502637831
2,200.0,113.0,2.7911427563333104,,0,1,-23784.78867015036
7,2606.792131550018,40.0,4.890352637451824,2.0,1,1,426879.2735584166
5,1695.7823345280135,100.0,36.22213648004536,2.0,0,0,178079.67846591686
2,2808.4433426791174,116.0,19.818216885320915,4.0,0,0,267004.90733335237
5,429.05380676359687,112.0,0.1570446764609943,4.0,1,0,43525.730407044044
4,1371.0518094245463,108.0,39.02121939765929,4.0,1,1,118083.22593133194
3,2323.352472162864,37.0,4.5970401024664795,,0,0,306430.46209337463
2,916.1700100091788,119.0,,1.0,0,0,66467.05988572542
5,2311.828047726016,85.0,12.47146745175687,1.0,1,0,330037.4323572024
2,1401.7763781765293,,24.268389208466793,2.0,0,0,69041.33621890642
6,1522.44864510713,78.0,21.633526490707542,3.0,1,0,218530.63116168207
3,553.0936827084025,54.0,3.309091672551467,4.0,0,0,60672.30019553253
4,1701.1088310860132,109.0,10.315205624131103,4.0,0,0,176170.36824298967
1,3254.231745811499,67.0,5.003893102443114,2.0,0,0,334286.4673805499
1,1810.4174442389044,17.0,7.455858389627574,2.0,1,1,232822.11394217185
2,866.6205808887236,64.0,8.089588428788847,3.0,1,1,81626.25613407673
5,2616.4332640624407,63.0,5.047498616979304,1.0,1,0,391547.96385505213
6,890.7427783256578,11.0,6.234234143970574,1.0,0,1,178330.83838801133
3,,117.0,2.3362613704015174,4.0,1,1,360467.91913975164
4,480.0326972942836,40.0,9.355917623078303,2.0,0,0,22586.401815932215
4,1718.166725833024,41.0,14.227916184897932,3.0,1,1,262980.81206044124
7,2721.049996548919,116.0,,4.0,0,1,360582.486604518
4,806.5446971246839,59.0,,1.0,1,0,98688.97517207068
1,1566.5280667194372,,0.5892911787063346,1.0,1,0,182713.42627714548
3,2425.83139388323,80.0,8.895530940842514,3.0,0,0,248948.56187676228
7,200.0,,8.761107996968477,4.0,0,1,41144.82780544273
1,2241.5070004439813,35.0,0.3697137436079383,3.0,0,0,278308.69502543233
2,1429.6588072662867,47.0,2.543377871105625,4.0,0,0,147215.78976637922
4,2653.5633228499482,70.0,23.596061666727493,1.0,0,0,317432.257355149
3,838.0021715629196,72.0,7.863903961476338,2.0,1,0,183569.84527247847
4,,7.0,5.73385437113892,2.0,0,0,52285.42307216498
1,1065.5708040562854,,5.369924168854912,1.0,1,0,149221.60930660233
1,1048.8668243086313,6.0,21.906934399029684,2.0,0,1,95277.4947474148
1,1334.8112188271487,105.0,4.573341086378343,2.0,0,1,71740.78186256198
4,,7.0,19.60179510152855,4.0,0,0,189614.646326769
3,200.0,87.0,,3.0,0,0,-2815.8534535476083
3,1424.0349043975034,80.0,7.582276821484568,4.0,1,0,221590.86138220257
2,1685.4373676197038,,1.5527437539526958,3.0,0,1,201322.56253048952
4,1345.406046032829,109.0,17.43142532881379,3.0,1,0,133145.23412388892
2,1729.462596001501,30.0,13.317109947779082,2.0,0,0,182231.66980092472
6,,,7.5522061127720495,3.0,1,1,277007.5939940772
2,394.40515906019664,56.0,0.26242653449196157,3.0,1,1,22662.66875280472
2,1259.3178008299678,65.0,6.563473412384196,1.0,0,0,104220.42079622539
2,1591.1199351225473,,2.5514586659362393,3.0,0,0,153092.7497782427
1,1310.2634950992542,26.0,5.333683045699921,1.0,0,0,171333.1759414668
6,305.76790349711155,45.0,19.409081021872996,4.0,1,1,59080.73058433408
7,2478.4903560546427,,14.679526964036418,2.0,0,0,370806.47152572597
2,722.2754772841262,60.0,2.770097706092601,3.0,1,0,51774.66909439662
3,506.2427243024807,57.0,41.96605415171806,1.0,0,0,509.4673434768483
2,1532.6548531115482,57.0,23.35216826648622,4.0,0,0,190006.0370779462
1,1247.394530224649,12.0,7.522040985257236,4.0,0,0,146675.34119728245
5,1981.153274888486,52.0,7.553424658344986,4.0,0,0,239126.28104660858
7,2198.123148503638,99.0,,1.0,1,0,277735.1772495286
6,2076.4518814304392,64.0,,1.0,0,0,259654.54747157544
5,1498.5735917980578,48.0,7.693554747047809,2.0,1,0,279548.8217256867
5,1942.6379395210647,34.0,13.828942428028162,3.0,1,0,284930.8196971148
6,251.98952376153352,,2.680064012805319,4.0,0,0,47104.49885316038
4,,94.0,21.068326333961682,2.0,0,0,249133.54567576942
7,1176.1362871373349,16.0,7.580382767152999,1.0,0,0,224466.58459557424
7,3075.9503296519324,71.0,9.250774597794354,2.0,1,1,381269.7881984199
3,,66.0,0.9424900143362829,4.0,0,0,300258.59764455847
1,1342.1715335924487,9.0,3.703522805286614,4.0,0,1,181172.37300108114
6,1517.1285027234317,33.0,5.564077782814195,2.0,0,0,254412.3589292191
5,2447.249291526786,85.0,5.34281104456233,4.0,0,0,240511.73478997647
1,200.0,3.0,15.06359646932105,1.0,1,1,76798.25133397739
1,1371.8153732275846,95.0,3.3173483234811445,4.0,1,0,151736.903943418
4,2861.138992352296,,2.0102652384753252,3.0,0,1,346104.1055269271
5,2175.8828720200345,45.0,8.737516159604336,3.0,1,0,236208.40859282285
2,829.8289001023536,74.0,9.545505386003413,4.0,1,0,82528.57295135161
1,1751.5796888965974,45.0,1.2963420463494582,2.0,0,0,202905.52388845242
5,718.6454436217667,76.0,,4.0,1,1,67625.54688798916
7,1226.8265017106887,58.0,24.967656508587623,3.0,0,1,155198.8350094845
1,1767.0700952618909,,0.8298711840560282,1.0,1,0,168895.64239398533
4,,,22.81478727130527,3.0,1,0,230555.8739578467
4,2083.5349793692267,65.0,,4.0,1,0,238347.54193068834
2,2487.029821567684,33.0,10.585916301576038,4.0,0,1,363875.5052092569
4,545.0190045793935,106.0,2.053216720352137,2.0,1,0,92696.89761593073
5,1519.2168221998757,85.0,17.36799962235157,4.0,0,0,151428.5727917471
6,819.722321620616,4.0,1.9868680422069127,4.0,0,0,126972.45974536469
4,1180.9148823112846,8.0,4.885899266210906,1.0,1,1,146817.0172035103
6,896.4499121569911,19.0,2.718425552074506,1.0,1,0,167748.58724922672
2,1899.5227892941589,20.0,18.171139405732795,1.0,0,1,285746.31919827586
7,2342.4153679519554,16.0,19.542959069888358,2.0,1,1,388147.52447146387
3,,11.0,4.652611157539681,2.0,0,0,315318.38534071104
1,615.8615351847557,91.0,3.6727156318313936,3.0,0,0,28476.11277674457
1,1401.3615628648013,81.0,14.852990079295761,2.0,1,0,164750.74177368393
5,593.6784858065332,66.0,21.079395544822063,1.0,0,0,90312.08694715958
2,567.0174176037139,4.0,9.782193128414034,2.0,0,0,96095.95973691127
2,970.6149005823396,59.0,26.228409883105783,4.0,1,1,120026.40837817987
2,,52.0,4.829572670795387,,0,1,218852.03527913507
1,,51.0,1.6474069227687216,4.0,0,1,171203.58671080216
4,2023.3836051973901,77.0,1.9801564605919595,3.0,0,1,240102.06430225825
1,1973.8867262435801,47.0,11.081535186750182,4.0,1,0,242047.54529355458
1,821.7192210473877,89.0,5.234490028805549,1.0,1,0,64484.34815556368
1,2446.207215375618,18.0,,3.0,0,0,256602.0695937432
7,2142.6240287773935,,3.4563165316328144,3.0,0,0,274234.74392842996
7,,16.0,7.563108009766994,3.0,1,0,339549.6637777209
4,1200.0642623595402,53.0,1.2947707046378112,1.0,1,0,147426.2799883135
3,973.966732909386,102.0,0.034484379778958574,4.0,0,1,91597.86171520161
5,,105.0,24.925120677464584,3.0,0,1,83847.07385820895
3,,67.0,3.636437278606699,1.0,1,1,307541.1850458312
3,2157.649427444813,105.0,,3.0,0,0,218168.09149945705
1,759.158030496588,,11.98921615514356,3.0,0,1,109440.6582316297
3,514.5130311424178,87.0,19.200660584665055,1.0,1,0,81218.92345187314
1,750.7705703789518,40.0,10.00430147831656,2.0,0,0,61901.34653884094
1,1588.1957056953431,12.0,2.936770117096124,,0,0,212451.22279435967
5,394.4181002618743,,19.77871890428572,2.0,1,0,85204.40986381249
2,2402.2479839657994,14.0,7.142220969723127,3.0,0,1,280323.7917625655
1,2354.3661954066347,62.0,4.799582976920699,2.0,0,0,311656.0336430309
7,,14.0,9.281763863317751,4.0,0,0,300432.53975334443
3,2147.7885998358356,30.0,12.060156349453436,2.0,1,0,233662.59114022917
5,1547.0043103512671,106.0,9.00983177875604,2.0,1,1,191105.9245020049
6,1872.1231958615351,27.0,,2.0,0,0,247983.7237586307
6,,9.0,9.889092914434382,2.0,1,1,116396.36474854077
6,2612.3835817637187,56.0,21.085055383925795,4.0,0,0,354639.21805869456
3,1110.1176486319523,70.0,,,0,0,134363.65600386783
2,1396.959336968596,32.0,3.9999943275733703,2.0,1,0,228457.38407407486
4,,6.0,7.599214096619348,1.0,0,0,490147.02090191917
2,1323.9940407152992,4.0,0.9029314481455387,,1,0,155191.46931763296
5,,89.0,2.615915871240623,1.0,1,1,267748.3860129171
2,1911.6259730734464,118.0,14.534246634250344,2.0,0,1,127631.20131981024
6,433.74509572849524,79.0,10.831591380715297,1.0,1,0,54399.32076464477
2,700.2055586838342,56.0,1.821440251942553,4.0,0,0,12610.643408563854
5,3128.7109148006034,71.0,5.762804334709991,4.0,1,0,356176.6117808519
5,1963.3303540091474,,,2.0,0,1,284643.3081059571
6,1486.4999954205175,,19.36677892409015,1.0,0,0,206651.2212591885
7,1071.4815419778204,39.0,1.156013317775675,,1,1,212242.7785931381
3,1756.062049741656,,10.619959160608278,4.0,1,1,274301.58960957656
1,1832.1181863438687,109.0,9.33945669601856,2.0,0,0,190933.52435465253
4,1681.2172321933344,35.0,6.401309979260855,4.0,0,0,219782.46778225838
4,,55.0,3.2605515503964866,2.0,0,1,276461.8725667594
6,806.5131342655715,46.0,5.174416279913019,1.0,0,0,183098.7096128163
7,,,16.41916169514148,1.0,0,0,153198.4805232216
4,2334.4563935762885,115.0,14.335990544412887,1.0,1,0,266750.1023252041
2,3190.149909715128,39.0,,1.0,0,0,402206.3723469316
5,2174.0739541510525,58.0,13.855889474268746,1.0,1,0,209004.05498634523
7,2538.2029694297935,42.0,1.5535217141051114,2.0,0,0,377545.2782545578
5,,91.0,1.0435707523086397,4.0,1,0,176978.54871224758
6,1712.8920198897163,65.0,19.76875010111919,3.0,0,1,308490.99575728946
5,1702.1250765591392,8.0,18.150766357964752,4.0,1,0,294328.46533991967
1,1455.6586817964283,5.0,11.43562492676562,1.0,0,0,119567.83661609194
5,,118.0,9.311651732064952,4.0,1,0,297352.0067160149
5,2392.6778199493174,64.0,,4.0,0,1,305567.51050311927
7,1180.612624562319,2.0,2.5370919690913345,2.0,0,0,208639.22764660986
2,200.0,,,3.0,0,0,1567.07007894437
3,1449.1405782357858,36.0,24.422453784849246,3.0,0,0,208112.0851065231
4,576.2782520771335,107.0,,1.0,1,0,52706.64941389546
2,1518.9400450642136,86.0,3.6127475002032368,2.0,0,0,156019.04275753786
2,,32.0,3.1572744436586797,2.0,1,0,140551.8518089118
2,2505.2133088045603,,0.23990732937775736,,0,0,362820.20755212626
4,2047.5381760349806,52.0,7.346292307733422,2.0,0,1,286832.8404989224
6,2028.105263560672,76.0,44.427137961065554,2.0,1,0,256552.67720820633
2,2357.7486699442143,91.0,16.886852322670908,3.0,1,1,246144.03578825868
3,,50.0,22.77645858771028,3.0,0,0,214474.54203167907
6,1937.4414306708707,70.0,9.706521393622051,,1,0,270434.56734167464
5,2647.75898636911,25.0,6.567119017502208,,1,1,367201.0882761095
3,1392.387897741374,15.0,,2.0,1,0,207319.57047982054
7,1984.0922676311548,39.0,5.926904680649855,4.0,0,0,297632.99015944335
6,657.4891920803393,89.0,24.868754952542318,3.0,1,0,111505.29531749361
5,1563.4215323494166,50.0,14.34832753878091,4.0,0,0,194303.76553870254
5,3307.4269762185754,38.0,4.019389701034307,,1,0,405717.30481893
2,2151.860303830489,54.0,6.992903779225447,1.0,0,0,269964.62887035066
2,1431.2045474837494,95.0,4.8504290923351405,3.0,1,1,159610.15006434577
4,,,1.4644096274764014,,1,0,254720.88744631835
1,1483.201394932579,105.0,,1.0,0,1,147262.0946206277
3,1685.3604958226845,64.0,21.979808217377972,2.0,0,0,132844.9243642349
4,1180.7945198170871,112.0,13.96893070935511,4.0,1,0,188149.99813511586
4,1895.896960161299,84.0,3.251500788582773,2.0,0,0,207579.11267383557
3,1924.2479489983677,76.0,4.5872873142088855,,0,0,262751.9047921767
6,1505.3104083048843,114.0,9.58243373164125,4.0,0,0,193502.2064776701
7,1612.0474448929983,89.0,,2.0,1,0,199974.28644396964
3,1772.6141405819499,44.0,6.992540221464347,4.0,1,1,212386.77767986615
5,,8.0,11.978860697890315,4.0,1,0,166117.32966413544
7,1888.2162674785634,36.0,6.29704600015979,3.0,0,0,257748.5384735821
1,2124.12617380533,86.0,2.119190198114712,1.0,0,0,168178.71067310608
6,2671.8928852038534,0.0,,2.0,0,1,354467.7919562803
2,1754.697960046904,65.0,4.402401570256153,2.0,1,0,240764.48996447533
1,1055.4912894591873,62.0,3.435249686121405,1.0,0,0,136721.04786574142
1,1417.650193216721,,3.976585007751291,1.0,0,0,137637.31198242243
2,,27.0,5.78038326212361,1.0,1,0,33855.29900016193
1,2081.882065815088,99.0,21.76949792744027,1.0,1,0,237722.55156387045
6,200.0,30.0,13.244736711801275,1.0,0,0,32664.436814804227
6,2319.724152227548,104.0,11.022647663551963,3.0,0,0,253039.2985387683
6,2416.259412559116,68.0,6.372588601683685,,0,0,305554.33543439786
4,200.0,100.0,0.01831623548428332,1.0,1,1,17700.439086090497
4,2520.224794574505,88.0,4.163502035478732,3.0,0,0,273485.3075358645
6,2321.828935791748,7.0,16.77674141565698,1.0,1,0,324104.5467108509
2,1267.9585733726265,33.0,4.913022993891155,1.0,0,0,139122.9307708173
2,546.5474472109538,102.0,8.296982708975966,2.0,1,0,25676.967438699612
3,829.7927201102525,48.0,2.2908594283549926,2.0,0,0,85355.26102832494
3,,95.0,24.75246363121789,2.0,0,0,73084.6537982773
6,2552.8447681677017,57.0,25.661657615629892,,1,0,355743.59432912426
7,1140.7678458140156,74.0,1.5790650540308002,4.0,1,0,191890.0038916933
1,2224.2584768602283,46.0,12.879304820822641,4.0,1,1,248782.10918618614
1,1400.7514576509682,,0.782194209360477,2.0,1,0,171354.71664357986
2,1544.0605106517692,2.0,9.12666352828377,2.0,0,0,241879.7347225042
7,,,1.9681039591379372,,0,0,106154.60484418077
1,582.3438834469972,113.0,,1.0,0,0,39355.37155798786
5,2534.478016992874,,0.04128327221012139,2.0,1,0,290485.02191576024
4,1375.421982826126,95.0,28.277993529363524,2.0,0,0,152278.7557759259
1,1740.5275591087736,115.0,17.67569372265561,2.0,0,0,135796.42861878642
1,,98.0,0.806414072211385,1.0,0,0,285473.02371461305
3,1397.8990570796118,95.0,9.147309740965637,2.0,1,0,151713.0438412678
5,1352.603216916762,33.0,2.6513580688439244,2.0,1,1,241429.23046242725
1,2464.868709919806,100.0,3.065467394801215,4.0,1,0,296512.9357215955
4,1509.8797519885732,115.0,20.728260458147517,4.0,0,0,138881.66732140223
1,1756.0056215423792,68.0,1.214060546721853,1.0,1,0,203895.06610841866
2,2297.4530316310565,108.0,9.200230273895858,,0,0,226287.4937128944
5,1500.0917150162877,91.0,5.12920374523555,,0,0,175770.24914634752
1,2130.0707786888943,91.0,2.117099147049972,3.0,0,0,249400.04045510828
7,1407.3229821213974,7.0,,2.0,0,0,231680.116418802
5,,,28.215989340008633,1.0,1,0,265008.9682481873
1,1837.0616556124808,79.0,,4.0,1,0,205543.6682719674
4,1319.676805008895,62.0,1.4169191514327093,3.0,0,0,221427.2052164243
4,1559.399665800692,81.0,,4.0,1,0,174948.02132946253
5,200.0,24.0,27.716376384624667,1.0,0,1,100141.3642498396
6,,57.0,,,0,0,343653.3258466603
3,496.29241201290347,47.0,4.055946597726404,4.0,0,0,100126.11573191988
3,644.7058714409429,0.0,1.3502957333362953,3.0,0,0,133222.87748399292
2,1149.5851505655296,7.0,,2.0,0,0,158514.97413911967
6,200.0,20.0,11.182257731001425,2.0,1,1,67247.98833801961
3,,97.0,3.1766718628340715,3.0,1,0,225708.3912769783
5,1788.811203745006,87.0,0.06848407669748446,4.0,1,0,243132.25775582026
3,1110.7687723549486,100.0,,4.0,0,0,141199.10271225948
2,957.5681094795409,,6.036246788607228,4.0,1,0,36066.99142532027
1,,110.0,8.355314442839036,,1,0,38031.23092098903
3,1991.8387282880412,,11.514597512802604,1.0,1,0,249155.36785281665
5,225.01931523591725,28.0,0.6377544619734326,1.0,0,0,72792.90622243415
5,1172.8006566187219,,6.344103541898853,3.0,1,0,163316.07947944134
2,276.45782397384846,2.0,3.0974019070666547,,1,0,76964.05571764398
7,2114.9955636892983,6.0,,3.0,1,1,347282.35957902885
2,1231.022068632375,99.0,4.461285367536563,1.0,0,0,111042.99561857042
7,,10.0,1.054979681260622,1.0,0,0,340058.1154663729
4,2499.6301114821485,,0.42376838884900947,4.0,0,1,372821.81552214455
4,2513.1416301015142,58.0,3.0843716032363275,,0,1,315305.22748900007
4,682.3189648286897,11.0,1.9708448114584942,4.0,0,0,141013.1946269921
7,1747.5679968027644,78.0,10.492497936790476,1.0,1,0,201669.55657967902
1,2397.1152159762423,37.0,18.77098699847592,1.0,0,0,305723.6693880416
5,2057.181171334385,23.0,3.74778839952913,4.0,0,0,328216.9892193646
4,2136.264217430841,64.0,8.622559044560319,3.0,0,1,231302.8394568257
5,200.0,17.0,13.104646151422699,2.0,0,1,80070.27686196368
2,2044.9175716523946,45.0,,4.0,0,0,185158.69808038516
1,865.654962904932,,0.6862752181177358,1.0,0,1,62569.5271305305
2,2031.7488402097342,62.0,,,0,0,216419.31042409787
5,2014.2463910743782,6.0,21.461439647220757,4.0,1,1,253028.54484122823
6,1971.9337862749317,105.0,17.400037994054042,2.0,0,1,231772.33368985332
7,1411.4806812553322,104.0,0.9050751280073714,4.0,1,0,192987.3103785758
6,2552.8730881941933,65.0,2.5353668284698316,1.0,1,0,366587.4662362641
4,1908.2464050107474,39.0,14.66053331585023,4.0,0,0,199674.47564385983
6,1757.212756982045,53.0,6.653340408851988,2.0,1,1,276069.8113591234
2,752.471319169377,30.0,14.269789971397746,3.0,0,1,67340.57718904254
7,1816.8728038878176,96.0,2.3710616609755544,1.0,0,0,200958.07293007916
6,3082.968547390416,51.0,,,0,0,389410.8565612004
3,387.85401168697354,93.0,15.306611540435512,2.0,0,0,48032.79121705892
1,2084.0848783996,30.0,2.199640174260694,4.0,1,1,244904.0048211858
5,2184.991455679152,33.0,8.174622048096255,4.0,0,0,308663.7659531872
7,2880.4155236515985,6.0,1.2001980446793157,4.0,0,0,420656.995443939
4,2080.5920602162296,88.0,4.4853151808066105,1.0,0,0,338365.4126144445
2,1508.5430905880091,15.0,10.776966588582637,1.0,0,1,180914.51259698404
1,1838.089258651301,21.0,4.006681637577769,2.0,1,1,228873.99017859247
4,1285.5553852583578,99.0,10.693206942339781,,0,0,174796.36057380872
2,2475.406391277317,52.0,2.8074547259887916,4.0,0,0,288655.1915516013
6,260.81627066463284,90.0,12.772849208114103,2.0,0,0,49995.68877474393
7,1109.7030601470642,,4.45646017417353,1.0,0,1,141128.04213317635
5,1856.9245903698134,3.0,15.62942144625043,1.0,0,0,262984.65162183496
7,2436.744622876332,60.0,,3.0,0,0,310815.4861486059
3,1488.973270410616,98.0,4.493824340908507,3.0,0,0,143943.41550960098
3,,104.0,6.234951067739901,4.0,1,0,103721.27872447475
7,1331.3017974484553,85.0,5.513794676109086,1.0,0,0,183954.80339229395
6,1206.4307243774654,110.0,5.6756266378519395,,1,0,186233.86997135106
5,1243.219864480647,51.0,5.884328736711689,1.0,1,0,215540.59941085282
1,1151.8569818409735,,44.921563031414735,3.0,1,0,127430.34699099207
5,1152.2055494461401,,2.146263053388701,2.0,0,0,175105.20066526785
6,200.0,14.0,14.638833471693351,1.0,1,0,26598.20677762595
2,1740.122993221581,60.0,8.02490686930495,3.0,1,0,220844.69805042137
7,,115.0,5.338015915721703,3.0,1,0,302263.38872759853
7,2698.71596593508,103.0,10.03835115910255,1.0,0,0,312041.86035305524
7,2188.3207654044427,43.0,19.20944502228647,4.0,0,1,328000.9455912322
7,2147.488057608401,,,1.0,1,0,317253.6909748986
1,1736.809642510515,76.0,20.010102408762197,3.0,0,0,157113.55164138626
3,200.0,46.0,0.9849340936284845,,0,0,73430.1540743934
6,1724.1128973831073,74.0,10.586732431727706,2.0,0,1,225730.69816302168
2,1589.9013453023158,48.0,4.052352265142575,4.0,1,0,226576.9281406543
6,2323.898672410066,52.0,4.889260581383824,1.0,0,0,252822.53786407382
4,1953.9829073098217,119.0,8.463444005179372,3.0,1,0,209143.81405545815
4,1396.1018855060881,26.0,6.537664769319232,3.0,0,0,213918.83092293915
4,3066.5217815301708,30.0,4.80909989581415,4.0,0,1,395272.1675626059
3,2178.765165176051,43.0,3.6863680518893656,1.0,0,0,263329.9099383114
5,1771.8917066277638,31.0,9.631604097163374,3.0,1,1,277356.8543347092
1,1864.2510302642695,,7.043692163830567,,0,0,149156.35693050994
7,1548.9457657153969,29.0,3.9054072114725438,2.0,0,1,276719.0972483798
3,1513.203564248903,17.0,2.2936413267145985,,0,0,196018.92811213213
2,200.0,62.0,14.892940921295496,,0,1,-15940.057432294729
2,767.9329995113067,15.0,,1.0,1,0,92325.97479792332
4,1067.258217124105,34.0,2.4052896432794824,3.0,0,0,147902.90257693967
1,1860.5074719414451,61.0,3.0333597563011967,2.0,0,0,189056.57990698755
4,200.0,,,1.0,0,1,74964.85207654312
2,1083.0661063934815,61.0,21.59088789221398,,0,0,111599.57985113216
2,980.5455959068669,38.0,14.877973535382495,4.0,1,0,118522.61652838447
7,1593.4038542707876,,0.7750059177737968,4.0,0,0,246577.76589896268
5,1862.498486968388,100.0,17.877631640658155,1.0,0,1,202250.28538583202
7,983.3500377935994,114.0,0.37548006462292227,2.0,0,0,145629.37951933985
5,,9.0,2.919575874311228,,1,0,194318.11220722678
7,955.7633319525646,51.0,25.131997607889048,1.0,0,1,160209.28486824766
5,1187.89744722124,11.0,19.975393560272487,3.0,0,1,170316.6410903943
4,1459.0834945426925,71.0,15.206696055711912,,1,0,171139.73479272737
6,,61.0,,3.0,1,1,373178.2935622248
1,690.004823837109,2.0,3.8774420642351393,4.0,0,0,109058.97554991044
5,2900.672857320022,82.0,21.332292079264484,2.0,0,0,320441.48403597495
3,512.9457585807776,10.0,10.702408617647652,2.0,0,1,70357.93549534834
5,,7.0,3.5027951698824906,,1,1,372286.1142901072
4,1119.3632442331152,89.0,6.221220144522256,1.0,1,0,172477.44866407942
1,,,21.328441940341882,4.0,0,0,7048.848922327961
5,2553.5038707747854,22.0,23.37750574936839,3.0,1,0,353763.88020081003
7,1565.4021971715913,,10.767591004207764,3.0,0,1,208188.12437186562
1,1534.7895428830418,9.0,13.18844559563482,3.0,1,1,230527.30058526943
3,1278.3392895552392,,0.40090838160226894,1.0,1,0,193594.10058421784
2,1034.8299525916595,75.0,9.278586521037742,2.0,1,1,133411.83636071312
7,1358.523308566654,38.0,11.679384711751483,2.0,0,0,238459.29212492655
1,200.0,25.0,0.20587625348380614,3.0,0,0,53409.06148006103
6,200.0,10.0,18.56995756667957,1.0,1,0,83005.96210973375
5,1813.854575203627,9.0,26.350555106948885,3.0,0,0,256624.14581636369
7,2446.221896377667,2.0,2.717253309968564,,0,0,338989.88314581546
4,2590.845235420583,61.0,18.694784413976862,4.0,0,1,306599.11857161426
6,734.401211727788,70.0,10.951560165912193,3.0,0,0,97620.30479772366
6,1654.2572402895462,60.0,,3.0,1,0,235244.8197840754
4,200.0,3.0,18.523121758987678,3.0,0,1,54115.67716890999
4,1218.8884256681667,60.0,3.3632699721225165,2.0,0,0,179658.47748035964
4,2158.9537910742147,103.0,15.647331186415812,1.0,0,0,253359.94000874282
6,,7.0,3.776370760888775,4.0,1,0,210289.22978152527
1,1234.6017663200494,101.0,,4.0,1,1,134518.16076758807
4,1489.3688417018832,12.0,5.997552134524527,4.0,0,0,194461.5586859684
2,2526.2780424368166,11.0,1.2436832659638692,,0,0,284598.21815430874
6,1304.2386746171417,34.0,4.804901981032871,2.0,0,0,163799.30711984372
6,1558.1153704346445,101.0,2.6591181138027844,4.0,0,1,200769.4511260981
6,2715.515677553073,53.0,1.0595130212247579,3.0,1,0,405871.64410662337
3,1317.3424869164419,50.0,1.1685641707663597,1.0,0,0,156406.2274180656
1,200.0,42.0,15.144523239586134,3.0,0,0,36574.65465795907
1,2594.72641484694,,21.319806856892495,4.0,0,0,268041.43037752464
4,2312.475847800884,110.0,26.190661632849093,4.0,1,0,204971.57740849935
6,200.0,65.0,19.237800425524366,1.0,1,1,79093.1225033251
7,1395.8518492142643,14.0,17.732759308734124,2.0,1,0,223917.146426844
6,1482.2698522953165,48.0,0.7131970308611862,1.0,0,1,189342.29633279896
4,2594.920629519931,33.0,15.61236467819882,,0,1,348743.4963358115
1,1488.4946547923164,38.0,15.291613535971912,,1,0,184047.67074729505
4,1632.7345368768333,25.0,1.4074637999521091,4.0,0,0,220987.86960915354
4,1657.5888399915293,111.0,10.847366972882085,2.0,1,1,198068.02159443154
4,1127.1276766119122,68.0,6.024062173068893,4.0,0,1,114035.36326044716
4,2537.784282809431,,,1.0,0,0,367224.7790688427
4,,88.0,,1.0,0,0,101553.17190357651
5,1111.641492815859,50.0,,2.0,1,0,169109.13417358362
5,1495.250858824956,97.0,1.1084513458139358,4.0,0,0,177986.14295276706
6,429.55767957206535,110.0,,4.0,1,0,22926.415983889914
6,2912.3273707785443,3.0,,1.0,1,1,391841.48869314283
7,,,0.8359050189143031,1.0,1,0,179453.90652426003
7,2159.6858335376223,,4.880793282667786,4.0,0,1,275108.32003241085
5,734.0105134043205,118.0,10.497381915941562,3.0,0,0,29685.173434136705
1,2069.38749439985,41.0,,1.0,1,0,227408.03575510072
3,2137.275442178352,117.0,2.9380386338722215,1.0,0,1,227706.1509561075
1,2252.6953906186372,55.0,0.29488762935927865,1.0,0,0,210069.1509509141
7,3023.999872328198,92.0,7.366535884358589,2.0,0,0,405665.32844543795
6,1053.4104531326786,68.0,6.369786280965052,4.0,0,0,159422.09293541586
5,1350.6816498067287,17.0,3.6657115341501774,4.0,0,0,195530.81980209964
1,823.8007970743477,60.0,20.706750201749063,4.0,1,0,152506.86644145442
3,1423.0174172134475,,13.83586716433388,1.0,1,1,202893.37919098503
4,2031.293482995562,0.0,19.5274815743128,4.0,0,1,301843.28572128114
2,,49.0,1.76509232497469,4.0,1,0,254837.10381419564
5,2812.601806618206,83.0,11.789939203259998,4.0,0,1,385637.3571076209
5,1892.1577134770287,69.0,36.92957173476762,,0,0,264017.5977170515
3,1500.449484375368,19.0,9.465280356531995,2.0,1,0,203714.31453615983
4,626.6004566205313,19.0,1.879747443445269,1.0,0,0,97217.70218754042
4,2193.0562918590103,45.0,54.6801363116461,4.0,1,0,239020.25894187752
2,1374.8028875426476,26.0,7.514620826453889,1.0,0,0,173200.60277158167
4,2211.2334173874924,25.0,18.329503960219977,1.0,1,0,321988.38072210044
3,1160.1826927065388,31.0,1.6176797321889675,1.0,0,0,151380.45987064755
6,2460.5662009469493,9.0,10.969024046271459,1.0,0,0,389495.41873988527
4,1809.0535743667892,81.0,24.37462513437569,1.0,0,1,213627.3890576464
6,2293.801700604242,104.0,7.593250588148739,,0,1,318400.55627521605
7,1808.650162566912,11.0,3.406048489312087,,0,0,275621.9469413337
7,759.7309028491783,73.0,1.3630303345490444,3.0,1,0,104472.67762597409
6,1207.6980513146746,87.0,3.5089832539921777,2.0,0,1,141621.36563265792
3,475.6673572667273,23.0,4.383254479540519,1.0,1,1,88299.15135019588
5,1647.7166855946045,116.0,12.377195584310673,3.0,0,1,163526.45643364196
5,329.8928376807803,50.0,1.967711394374703,3.0,0,0,14344.84366808537
5,1735.1009694801173,37.0,1.121667989596982,4.0,1,0,194305.53832737537
1,200.0,45.0,4.892917199056843,1.0,1,0,55449.35326703708
5,2147.9464120934167,88.0,6.136959396006196,1.0,0,0,273472.4668615697
3,,7.0,9.898970473872804,2.0,1,0,120847.81409654695
2,,54.0,,3.0,0,1,82786.5655036724
7,2597.498069196562,77.0,22.007300939887276,3.0,0,1,320174.52895667247
4,1755.8268324477374,106.0,,1.0,0,0,220506.17805782866
5,,30.0,7.520648832124714,4.0,1,0,256813.6679016489
1,,87.0,4.5577053292020775,1.0,1,0,1097.750608245049
7,2269.5167189521912,15.0,0.014226835654991483,3.0,0,0,328788.25306946324
7,,19.0,8.661486788705668,4.0,1,0,243595.9771052037
6,1594.099187259874,37.0,16.917118506709276,4.0,1,1,216193.34166464422
1,2692.2375133354385,110.0,0.37119986772388863,3.0,0,0,230157.25942456684
3,569.6837470017591,14.0,0.03497869020255675,1.0,1,1,124071.51182677023
2,2230.4287877170095,,13.012858123250284,1.0,0,1,232904.73599584593
5,1808.3281415456383,116.0,,1.0,0,1,226367.32316220814
5,1329.527678453071,75.0,5.206270096926237,2.0,1,0,224652.58769179333
1,624.6916806370355,33.0,10.835410769478235,2.0,0,0,17104.82369398952
3,1320.545228087566,,30.658559097787887,4.0,0,0,150167.40335130694
1,845.3180303319442,18.0,2.848365202853038,,0,0,109071.4469997348
1,2449.4830324039,109.0,2.8226556098019797,2.0,1,0,285923.93792554043
2,1573.406661404416,68.0,2.0608021751316548,4.0,0,1,158188.180618779
3,958.4237671509622,119.0,12.873064070758183,,0,1,83323.85363953133
2,349.9179711107556,90.0,4.357015128451559,3.0,1,1,52693.08535212619
3,1129.5629919799585,62.0,44.82345126026776,1.0,0,0,134233.05008460008
5,2488.9880991412315,,12.540349392072637,3.0,1,0,354684.89303429035
4,1589.1458661794495,76.0,4.578804317046787,3.0,0,0,165270.273560615
6,1355.8470482688792,31.0,,3.0,0,0,212927.6941230059
4,2858.9505230268733,94.0,8.965489312507284,4.0,0,1,330795.92141257407
7,1168.3631085697705,104.0,3.4942025593453523,3.0,0,0,150959.83604734085
3,853.344369121981,109.0,23.592515474735876,3.0,1,0,103467.7321402304
4,,36.0,5.823295021158922,4.0,0,1,242514.95164225355
1,1835.6522527906425,65.0,3.4622963594438123,2.0,1,0,179761.07296893123
5,,6.0,8.880721831252918,4.0,0,1,196585.28519112818
6,861.8677047620454,47.0,1.4731104137236692,2.0,1,0,172189.9769085079
6,2657.656241387771,10.0,8.24507384043256,4.0,1,1,430685.9549027668
7,1153.6112729494434,74.0,0.5774721146227169,1.0,0,0,193073.69899246955
6,338.5011065014644,86.0,9.336624546696715,3.0,0,0,48413.477661456796
5,1654.2957411985053,30.0,7.5537124910014155,2.0,1,0,240073.37175540894
4,2215.673186055384,,7.355662458419139,4.0,1,1,328248.10852421797
6,1347.5131713926235,44.0,11.525334129607073,,0,1,173230.62068617746
6,1929.7017669898428,71.0,0.45475110185787065,2.0,0,0,228781.16848554678
3,662.131284530737,55.0,6.156889753087053,3.0,0,1,86719.96139289062
1,2002.6075743099284,31.0,5.870565249918228,,1,1,203229.20517315753
3,735.8276236029805,111.0,6.157833350835258,4.0,1,0,86413.12523492827
4,1744.1385465031558,20.0,39.06586364048361,1.0,1,0,256667.41903848835
5,2114.135591011494,30.0,1.499842567695554,1.0,0,0,280854.50307661603
5,1578.9631747322703,0.0,11.725702564194304,3.0,0,0,278199.1186997476
3,511.64173430171763,,5.141580658191829,4.0,0,0,85693.70319750247
2,546.3373883393463,10.0,7.168796291206187,4.0,0,0,55063.49190159053
3,2774.4968452080266,92.0,14.371410430691876,1.0,0,0,332301.0552633225
2,885.4868852054492,67.0,1.7123378504051423,4.0,0,0,121780.97034788053
7,2112.099179154965,35.0,14.421674431074052,2.0,1,0,319108.4596072158
3,1594.7007082659095,78.0,0.729264364099273,3.0,0,1,169190.9617669929
2,696.7673111838183,58.0,6.6031125146405785,,0,0,39367.52657700861
2,1073.7939684310245,66.0,13.55070374028044,3.0,1,1,110043.23320929639
6,2859.866411011028,55.0,2.1387594771713103,2.0,1,0,357447.0930303556
7,4291.718087527896,50.0,14.73664985331106,1.0,0,0,582959.1597528784
6,1246.1501336912022,28.0,1.824965804205879,4.0,1,1,202336.31776385213
2,1190.8974076502418,,,4.0,0,0,131740.32558009695
2,,1.0,,2.0,0,0,79410.44077566153
1,200.0,5.0,11.540351459643286,1.0,1,0,49403.261420184164
2,814.1984796392477,,24.93823790001048,3.0,1,0,145534.59210872988
6,1143.9972139698123,53.0,5.249609308454241,1.0,1,0,173688.00937616365
2,1479.6465476168944,87.0,2.652131034280761,4.0,1,0,179855.62279594748
5,2052.1070213779512,39.0,20.186407216850142,1.0,0,0,276859.128636329
1,1676.700980869221,16.0,,,0,1,181629.80680012476
2,2065.366776161847,4.0,9.98249581234855,,0,1,253569.1272229896
6,1008.8409124798065,,,4.0,0,0,215314.85065854513
6,1443.3660598522238,57.0,11.220755451974613,,0,0,190991.58525268052
4,1208.7200718722372,,,1.0,0,0,129014.00936886808
6,486.62343829474037,,1.6520954804200116,4.0,1,1,120512.09317432297
1,200.0,105.0,2.9076084849004182,2.0,1,0,-26960.16603382733
6,,59.0,4.966052687537973,4.0,1,0,173450.16409928608
5,200.0,40.0,1.7335273540412617,3.0,0,0,71923.75677214298
3,593.6985057220712,19.0,15.985675417855788,3.0,1,1,112691.98564800617
5,1936.135568977795,71.0,4.416655214322792,2.0,1,0,248226.98959714177
7,1644.1297172531865,0.0,27.502283634388203,3.0,1,0,275820.39597901463
5,1517.1232363206466,55.0,18.482718162738127,,0,0,189551.82643542945
1,2444.421032985377,69.0,23.949006519730563,,0,0,218240.91996947114
1,917.2207872921987,55.0,3.488381817376769,,1,0,103156.92104762046
4,2045.5631050478573,53.0,8.526859523709096,,1,0,350509.37809270807
6,854.30932675034,,3.8779640017921184,2.0,0,1,125476.20891581339
4,1721.9626061247363,2.0,2.9698993865843932,3.0,0,0,189099.19447733482
1,1622.838843408137,,,4.0,1,0,212656.46310547902
6,1666.0157101728971,27.0,17.03723210907563,2.0,0,0,254770.32273157322
1,1190.6363669796451,110.0,0.9827214884613098,3.0,1,0,121519.7617259873
1,,,3.2264454721231544,1.0,0,0,155929.66662852443
3,1818.004756072782,119.0,2.2958195956175844,2.0,0,0,194759.41305453205
5,355.47798902300906,4.0,16.012226163592075,2.0,0,0,87406.71852243347
4,2178.796855120049,89.0,27.086314663874393,3.0,0,0,288152.7282483068
4,511.2668998107173,15.0,0.833193393380157,4.0,0,1,121110.63221103666
2,798.1191969525827,116.0,4.767679190889344,4.0,0,0,74411.17423103054
7,1693.5753344443235,30.0,24.593446714240077,3.0,0,1,230369.43763194775
3,1978.3308059191506,27.0,4.225678607839217,3.0,0,0,259500.7820513792
1,1676.0248032555144,6.0,12.47094094067668,,0,0,185919.2666801659
